Date,Open,High,Low,Close,Volume,Currency
2015-01-02,7.66,7.71,7.66,7.01,38,EUR
2015-01-05,6.92,6.92,6.9,6.9,87,EUR
2015-01-06,6.8,6.84,6.7,6.77,590,EUR
2015-01-07,6.71,6.71,6.66,6.78,459,EUR
2015-01-08,6.7,6.7,6.7,6.81,998,EUR
2015-01-09,6.71,6.71,6.71,6.71,556,EUR
2015-01-12,6.65,6.65,6.63,6.71,40,EUR
2015-01-13,6.86,7.31,6.86,7.29,882,EUR
2015-01-14,7.2,7.23,7.2,7.16,487,EUR
2015-01-15,7.17,7.17,7.07,7.12,1210,EUR
2015-01-16,7.13,7.13,7.11,7.13,1831,EUR
2015-01-19,7.07,7.22,7.03,7.21,201,EUR
2015-01-20,7.1,7.1,7.1,7.16,100,EUR
2015-01-21,7.3,7.34,7.3,7.32,10066,EUR
2015-01-22,7.34,7.34,6.77,6.76,3353,EUR
2015-01-23,6.91,6.92,6.8,6.8,1899,EUR
2015-01-26,6.82,6.82,6.77,6.85,4,EUR
2015-01-27,6.83,6.83,6.83,6.84,300,EUR
2015-01-28,6.81,6.81,6.81,6.95,280,EUR
2015-01-29,6.95,7.09,6.95,7.06,439,EUR
2015-01-30,6.97,7.09,6.97,7.08,1458,EUR
2015-02-02,7.08,7.12,7.08,7.13,31,EUR
2015-02-03,7.09,7.09,7.08,7.06,170,EUR
2015-02-04,6.99,6.99,6.85,6.93,32,EUR
2015-02-05,6.92,6.94,6.92,7.0,2341,EUR
2015-02-06,6.93,6.93,6.88,6.95,270,EUR
2015-02-09,6.87,6.88,6.81,6.91,81,EUR
2015-02-10,6.89,7.06,6.86,7.1,82,EUR
2015-02-11,7.19,7.19,7.16,7.23,61,EUR
2015-02-12,7.33,7.39,7.16,7.39,557,EUR
2015-02-13,7.36,7.59,7.33,7.63,402,EUR
2015-02-16,7.59,7.79,7.59,7.65,141,EUR
2015-02-17,7.6,7.6,7.47,7.47,36,EUR
2015-02-18,7.45,7.56,7.36,7.49,110,EUR
2015-02-19,7.39,7.4,7.35,7.34,357,EUR
2015-02-20,7.36,7.38,7.3,7.32,364,EUR
2015-02-23,7.2,7.74,7.19,7.7,1421,EUR
2015-02-24,7.73,7.73,7.29,7.47,388,EUR
2015-02-25,7.63,7.66,7.4,7.39,15720,EUR
2015-02-26,7.3,7.33,7.02,7.06,274,EUR
2015-02-27,7.04,7.11,6.93,7.1,762,EUR
2015-03-02,7.01,7.01,6.87,6.95,681,EUR
2015-03-03,6.85,6.87,6.73,6.73,534,EUR
2015-03-04,6.65,7.03,6.62,7.02,1197,EUR
2015-03-05,7.02,7.02,6.69,6.75,734,EUR
2015-03-06,6.71,6.84,6.66,6.8,3442,EUR
2015-03-09,6.74,6.74,6.64,6.68,1460,EUR
2015-03-10,6.66,6.82,6.58,6.82,672,EUR
2015-03-11,6.77,6.8,6.74,6.76,734,EUR
2015-03-12,6.7,6.7,6.39,6.41,2362,EUR
2015-03-13,6.36,6.5,6.23,6.46,1823,EUR
2015-03-16,6.39,6.51,6.36,6.49,2001,EUR
2015-03-17,6.46,6.75,6.4,6.73,1955,EUR
2015-03-18,6.69,6.81,6.65,6.74,1280,EUR
2015-03-19,6.76,6.76,6.67,6.67,12229,EUR
2015-03-20,6.67,6.95,6.63,7.04,23483,EUR
2015-03-23,6.97,7.07,6.92,7.04,3618,EUR
2015-03-24,7.03,7.03,7.03,7.03,25,EUR
2015-03-25,7.03,7.05,6.8,6.97,98,EUR
2015-03-26,6.99,6.99,6.99,6.95,20,EUR
2015-03-27,7.4,7.41,7.4,6.76,275,EUR
2015-03-30,6.79,6.92,6.79,6.88,197,EUR
2015-03-31,6.93,6.93,6.91,6.92,244,EUR
2015-04-01,7.03,7.08,7.03,7.14,10,EUR
2015-04-02,7.17,7.19,7.17,7.15,2,EUR
2015-04-07,7.14,7.14,7.1,7.11,5,EUR
2015-04-08,7.11,7.15,7.11,7.12,32,EUR
2015-04-09,7.11,7.11,7.06,7.01,545,EUR
2015-04-10,6.98,6.99,6.97,6.94,1883,EUR
2015-04-13,6.92,6.92,6.8,6.8,41,EUR
2015-04-14,6.84,6.85,6.84,6.8,178,EUR
2015-04-15,7.25,7.25,7.25,6.85,142,EUR
2015-04-16,6.86,6.89,6.86,6.87,12,EUR
2015-04-17,6.86,6.86,6.83,6.84,555,EUR
2015-04-20,7.29,7.49,7.29,7.13,1481,EUR
2015-04-21,7.1,7.1,7.1,7.08,476,EUR
2015-04-22,7.1,7.1,7.09,7.09,75,EUR
2015-04-23,7.06,7.11,7.06,7.25,1333,EUR
2015-04-24,7.26,7.32,7.26,7.28,33,EUR
2015-04-27,7.3,7.35,7.3,7.15,395,EUR
2015-04-28,7.15,7.31,7.15,7.35,28,EUR
2015-04-29,7.35,7.35,7.35,7.46,3,EUR
2015-04-30,7.5,7.5,7.5,7.39,20,EUR
2015-05-01,7.89,7.89,7.89,7.48,625,EUR
2015-05-04,7.55,7.55,7.55,7.58,5,EUR
2015-05-05,7.54,7.56,7.54,7.55,12,EUR
2015-05-06,7.67,7.67,7.62,7.53,30,EUR
2015-05-07,7.84,7.84,7.84,7.43,152,EUR
2015-05-08,7.92,7.93,7.92,7.53,36,EUR
2015-05-11,7.54,7.6,7.51,7.62,589,EUR
2015-05-12,7.68,7.68,7.63,7.59,499,EUR
2015-05-13,7.6,7.6,7.6,7.64,3,EUR
2015-05-14,8.06,8.06,8.06,7.55,26,EUR
2015-05-15,7.98,7.98,7.98,7.59,2540,EUR
2015-05-18,7.53,7.53,7.53,7.6,1,EUR
2015-05-19,7.55,7.55,7.55,7.37,40,EUR
2015-05-20,7.49,7.49,7.49,7.35,35,EUR
2015-05-21,7.36,7.38,7.32,7.3,15,EUR
2015-05-22,7.27,7.27,7.27,7.3,41,EUR
2015-05-25,7.37,7.37,7.37,7.36,40,EUR
2015-05-26,7.37,7.37,7.37,7.22,44,EUR
2015-05-27,7.18,7.18,7.18,7.17,47,EUR
2015-05-28,7.17,7.2,7.17,7.18,74,EUR
2015-05-29,7.29,7.29,7.29,7.32,1046,EUR
2015-06-01,7.25,7.25,7.25,7.24,10,EUR
2015-06-02,7.36,7.36,7.36,7.44,983,EUR
2015-06-03,7.5,7.53,7.5,7.48,101,EUR
2015-06-04,7.5,7.5,7.41,7.39,82,EUR
2015-06-05,7.46,7.46,7.46,7.4,55,EUR
2015-06-08,7.82,7.82,7.82,7.44,105,EUR
2015-06-09,7.51,7.51,7.51,7.56,4621,EUR
2015-06-10,7.54,7.6,7.54,7.58,275,EUR
2015-06-11,7.55,7.55,7.55,7.5,45,EUR
2015-06-12,7.53,7.55,7.53,7.61,951,EUR
2015-06-15,7.57,7.57,7.57,7.51,1540,EUR
2015-06-16,7.47,7.47,7.46,7.41,95,EUR
2015-06-17,7.47,7.47,7.44,7.46,61,EUR
2015-06-18,7.47,7.47,7.47,7.45,10,EUR
2015-06-19,7.43,7.43,7.4,7.41,120,EUR
2015-06-22,7.47,7.47,7.47,7.46,50,EUR
2015-06-23,7.83,7.85,7.8,7.48,245,EUR
2015-06-24,7.51,7.51,7.51,7.48,4324,EUR
2015-06-25,7.55,7.55,7.55,7.58,515,EUR
2015-06-26,7.91,7.91,7.91,7.52,310,EUR
2015-06-29,7.3,7.38,7.3,7.33,1091,EUR
2015-06-30,7.36,7.36,7.36,7.42,20,EUR
2015-07-01,7.81,7.81,7.81,7.47,150,EUR
2015-07-02,7.47,7.47,7.47,7.43,6,EUR
2015-07-03,7.77,7.77,7.77,7.42,1847,EUR
2015-07-06,7.39,7.39,7.33,7.36,55,EUR
2015-07-07,7.77,7.77,7.77,7.44,305,EUR
2015-07-08,7.76,7.76,7.76,7.43,2757,EUR
2015-07-09,7.8,7.8,7.8,7.46,700,EUR
2015-07-10,7.9,7.9,7.9,7.59,1950,EUR
2015-07-13,7.65,7.65,7.65,7.77,20,EUR
2015-07-14,7.77,7.81,7.77,7.71,25,EUR
2015-07-15,7.77,7.77,7.76,7.74,25,EUR
2015-07-16,7.7,7.7,7.7,7.64,1,EUR
2015-07-17,7.67,7.67,7.65,7.72,11,EUR
2015-07-20,8.17,8.25,8.17,7.96,2320,EUR
2015-07-21,8.32,8.32,8.31,7.94,216,EUR
2015-07-22,8.25,8.25,8.25,7.94,346,EUR
2015-07-23,8.43,8.43,8.39,8.05,300,EUR
2015-07-24,8.44,8.44,8.4,7.98,62,EUR
2015-07-27,7.97,7.97,7.97,8.0,20,EUR
2015-07-28,7.94,7.94,7.94,8.0,20,EUR
2015-07-29,8.4,8.4,8.4,8.04,295,EUR
2015-07-30,8.04,8.04,7.87,7.86,51,EUR
2015-07-31,8.21,8.21,8.21,7.85,4,EUR
2015-08-03,7.91,7.95,7.91,7.93,36,EUR
2015-08-04,7.95,7.95,7.95,7.88,94,EUR
2015-08-05,7.85,7.85,7.85,7.81,100,EUR
2015-08-06,8.17,8.17,8.17,7.82,1229,EUR
2015-08-07,7.8,7.8,7.8,7.76,1,EUR
2015-08-10,8.25,8.25,8.25,7.9,1534,EUR
2015-08-11,7.93,7.93,7.93,8.07,10,EUR
2015-08-12,8.15,8.15,8.15,8.17,25,EUR
2015-08-13,8.21,8.21,8.21,8.17,25,EUR
2015-08-14,8.16,8.16,8.16,8.3,25,EUR
2015-08-17,8.25,8.29,8.25,8.22,26,EUR
2015-08-18,8.55,8.61,8.55,8.25,54,EUR
2015-08-19,8.64,8.66,8.64,8.32,10,EUR
2015-08-20,8.67,8.67,8.66,8.34,93,EUR
2015-08-21,8.18,8.18,8.18,8.18,10,EUR
2015-08-24,8.13,8.13,8.13,8.15,166,EUR
2015-08-25,8.58,8.58,8.58,8.23,1954,EUR
2015-08-26,8.61,8.61,8.55,8.08,136,EUR
2015-08-27,8.13,8.13,8.04,8.03,136,EUR
2015-08-28,8.03,8.03,8.03,8.09,20,EUR
2015-08-31,8.46,8.48,8.43,8.05,200,EUR
2015-09-01,7.99,7.99,7.99,7.99,100,EUR
2015-09-02,8.0,8.1,8.0,8.1,21,EUR
2015-09-03,8.15,8.15,8.07,8.15,10,EUR
2015-09-04,8.43,8.44,8.43,8.07,318,EUR
2015-09-07,8.41,8.41,8.41,8.06,1543,EUR
2015-09-08,8.1,8.1,8.1,8.22,5,EUR
2015-09-09,8.27,8.27,8.27,8.25,5,EUR
2015-09-10,8.27,8.27,8.23,8.26,6,EUR
2015-09-11,8.23,8.23,8.21,8.24,154,EUR
2015-09-14,8.23,8.23,8.23,8.21,40,EUR
2015-09-15,8.52,8.53,8.51,8.15,2900,EUR
2015-09-16,8.5,8.56,8.49,8.21,1710,EUR
2015-09-17,8.53,8.53,8.52,8.21,115,EUR
2015-09-18,8.13,8.13,8.13,8.09,5,EUR
2015-09-21,8.08,8.08,8.06,7.96,15,EUR
2015-09-22,8.01,8.01,7.98,8.0,70,EUR
2015-09-23,8.39,8.39,8.39,8.05,80,EUR
2015-09-24,8.33,8.33,8.33,7.99,170,EUR
2015-09-25,7.99,7.99,7.96,7.98,614,EUR
2015-09-28,7.96,7.96,7.9,7.9,578,EUR
2015-09-29,8.27,8.27,8.27,7.96,447,EUR
2015-09-30,8.09,8.09,8.09,8.13,2,EUR
2015-10-01,8.49,8.53,8.49,8.15,1005,EUR
2015-10-02,8.15,8.15,8.15,8.13,6,EUR
2015-10-05,8.51,8.51,8.51,8.19,352,EUR
2015-10-06,8.49,8.51,8.48,8.2,93,EUR
2015-10-07,8.51,8.51,8.46,8.09,1049,EUR
2015-10-08,8.43,8.43,8.42,8.11,219,EUR
2015-10-09,8.44,8.66,8.44,8.33,250,EUR
2015-10-12,8.32,8.32,8.32,8.28,5,EUR
2015-10-13,8.66,8.66,8.66,8.32,15,EUR
2015-10-14,8.65,8.69,8.63,8.42,268,EUR
2015-10-15,8.47,8.47,8.47,8.41,8,EUR
2015-10-16,8.72,8.72,8.72,8.38,251,EUR
2015-10-19,8.64,8.64,8.64,8.34,4025,EUR
2015-10-20,8.72,8.75,8.72,8.46,52,EUR
2015-10-21,8.78,8.78,8.78,8.44,101,EUR
2015-10-22,8.46,8.46,8.46,8.47,25,EUR
2015-10-23,8.53,8.53,8.53,8.62,2,EUR
2015-10-26,8.56,8.56,8.56,8.65,8,EUR
2015-10-27,8.93,8.94,8.92,8.6,2272,EUR
2015-10-28,8.87,8.87,8.87,8.56,100,EUR
2015-10-29,8.93,8.98,8.93,8.67,121,EUR
2015-10-30,8.94,8.95,8.94,8.63,10,EUR
2015-11-02,8.89,8.9,8.89,8.59,1753,EUR
2015-11-03,8.5,8.5,8.5,8.44,11,EUR
2015-11-04,8.48,8.48,8.48,8.39,5,EUR
2015-11-05,8.72,8.78,8.72,8.46,807,EUR
2015-11-06,8.79,8.79,8.76,8.4,241,EUR
2015-11-09,8.66,8.69,8.65,8.31,195,EUR
2015-11-10,8.64,8.73,8.59,8.44,201,EUR
2015-11-11,8.75,8.77,8.68,8.44,243,EUR
2015-11-12,8.67,8.7,8.66,8.37,114,EUR
2015-11-13,8.68,8.68,8.66,8.39,207,EUR
2015-11-16,8.38,8.4,8.38,8.53,15,EUR
2015-11-17,8.79,8.79,8.77,8.61,86,EUR
2015-11-18,8.55,8.55,8.55,8.58,5,EUR
2015-11-19,8.89,8.89,8.89,8.63,350,EUR
2015-11-20,8.9,8.9,8.83,8.51,394,EUR
2015-11-23,8.83,8.83,8.78,8.56,286,EUR
2015-11-24,8.62,8.62,8.62,8.65,1,EUR
2015-11-25,8.95,8.95,8.9,8.62,201,EUR
2015-11-26,8.94,8.95,8.9,8.58,521,EUR
2015-11-27,8.56,8.56,8.56,8.58,6,EUR
2015-11-30,8.89,8.92,8.89,8.58,326,EUR
2015-12-01,8.56,8.59,8.49,8.56,11407,EUR
2015-12-02,8.56,8.57,8.47,8.48,20933,EUR
2015-12-03,8.47,8.61,8.42,8.59,22650,EUR
2015-12-04,8.55,8.65,8.5,8.52,36044,EUR
2015-12-07,8.52,8.53,8.4,8.41,28898,EUR
2015-12-08,8.44,8.44,8.35,8.41,25715,EUR
2015-12-09,8.43,8.44,8.33,8.4,17266,EUR
2015-12-10,8.43,8.43,8.29,8.36,35114,EUR
2015-12-11,8.33,8.34,7.93,8.07,24792,EUR
2015-12-14,7.99,8.08,7.9,8.07,23522,EUR
2015-12-15,8.35,8.51,8.34,8.19,471,EUR
2015-12-16,8.52,8.53,8.48,8.13,458,EUR
2015-12-17,8.12,8.12,8.12,8.07,300,EUR
2015-12-18,8.35,8.36,8.3,8.06,542,EUR
2015-12-21,8.34,8.42,8.34,8.19,175,EUR
2015-12-22,8.51,8.58,8.51,8.25,148,EUR
2015-12-23,8.57,8.57,8.57,8.22,50,EUR
2015-12-24,8.49,8.49,8.49,8.19,10,EUR
2015-12-28,8.55,8.57,8.55,8.31,30,EUR
2015-12-29,8.59,8.6,8.59,8.27,35,EUR
2015-12-30,8.52,8.57,8.52,8.21,87,EUR
2015-12-31,8.53,8.53,8.53,8.22,630,EUR
2016-01-04,8.52,8.53,8.37,8.04,179,EUR
2016-01-05,8.06,8.06,8.06,7.99,6,EUR
2016-01-06,8.02,8.03,7.93,7.74,158,EUR
2016-01-07,7.97,8.07,7.7,7.54,105,EUR
2016-01-08,7.82,7.92,7.71,7.41,805,EUR
2016-01-11,7.7,7.82,7.4,7.12,468,EUR
2016-01-12,7.35,7.46,7.26,7.1,3000,EUR
2016-01-13,7.53,7.55,7.53,7.24,1500,EUR
2016-01-14,7.35,7.39,7.31,7.08,1056,EUR
2016-01-15,7.0,7.0,6.73,6.67,8,EUR
2016-01-18,6.55,6.55,6.55,6.71,5,EUR
2016-01-19,7.17,7.17,7.09,6.81,510,EUR
2016-01-20,6.61,6.61,6.58,6.31,12,EUR
2016-01-21,6.53,6.53,6.13,6.17,1208,EUR
2016-01-22,6.67,6.7,6.55,6.32,82,EUR
2016-01-25,5.95,5.95,5.9,5.87,882,EUR
2016-01-26,5.9,6.3,5.86,6.07,864,EUR
2016-01-27,6.2,6.23,6.05,5.9,1595,EUR
2016-01-28,6.22,6.39,6.15,6.06,1177,EUR
2016-01-29,6.25,6.31,6.23,6.04,4655,EUR
2016-02-01,5.85,5.85,5.81,5.68,17,EUR
2016-02-02,5.62,5.62,5.62,5.81,40,EUR
2016-02-03,6.0,6.0,5.75,5.61,415,EUR
2016-02-04,5.6,5.6,5.6,5.6,10,EUR
2016-02-05,5.68,5.78,5.66,5.54,1772,EUR
2016-02-08,5.2,5.2,5.2,5.23,10,EUR
2016-02-09,5.15,5.15,5.15,4.95,7,EUR
2016-02-10,5.0,5.04,4.83,4.87,1171,EUR
2016-02-11,4.63,4.63,4.63,4.73,5,EUR
2016-02-12,4.96,5.28,4.96,5.05,3081,EUR
2016-02-15,4.98,4.98,4.95,4.79,15,EUR
2016-02-16,4.88,4.88,4.88,4.67,6,EUR
2016-02-17,4.87,5.23,4.87,5.07,477,EUR
2016-02-18,5.36,5.5,5.33,5.24,417,EUR
2016-02-19,5.37,5.57,5.19,5.15,1124,EUR
2016-02-22,5.24,5.24,5.24,5.4,13,EUR
2016-02-23,5.5,5.5,5.0,4.89,782,EUR
2016-02-24,4.72,4.72,4.72,4.85,2,EUR
2016-02-25,4.99,4.99,4.95,5.06,11,EUR
2016-02-26,5.27,5.3,5.23,4.98,452,EUR
2016-02-29,4.95,4.96,4.95,4.99,20,EUR
2016-03-01,4.96,5.02,4.91,4.99,143,EUR
2016-03-02,4.99,4.99,4.9,4.95,815,EUR
2016-03-03,4.95,4.95,4.79,4.88,1814,EUR
2016-03-04,4.86,4.89,4.78,4.92,764,EUR
2016-03-07,4.97,4.97,4.95,5.09,181,EUR
2016-03-08,5.0,5.2,5.0,5.01,243,EUR
2016-03-09,4.98,5.08,4.95,5.07,554,EUR
2016-03-10,4.99,5.01,4.84,4.9,1319,EUR
2016-03-11,5.05,5.05,4.93,4.98,1534,EUR
2016-03-14,4.97,4.97,4.85,4.85,275,EUR
2016-03-15,4.61,4.87,4.61,4.85,16,EUR
2016-03-16,5.08,5.1,5.08,4.95,261,EUR
2016-03-17,5.05,5.13,5.0,4.99,1639,EUR
2016-03-18,4.96,5.01,4.96,4.93,26,EUR
2016-03-21,5.01,5.01,4.96,4.86,136,EUR
2016-03-22,4.95,4.95,4.87,4.81,692,EUR
2016-03-23,4.88,4.91,4.82,4.79,1516,EUR
2016-03-24,4.87,4.87,4.87,4.84,9,EUR
2016-03-29,4.9,4.9,4.87,4.77,88,EUR
2016-03-30,4.77,4.77,4.77,4.95,10,EUR
2016-03-31,5.09,5.09,5.09,5.2,10,EUR
2016-04-01,5.35,5.35,5.22,5.16,3602,EUR
2016-04-04,5.19,5.42,5.19,5.32,805,EUR
2016-04-05,5.32,5.32,5.32,5.23,9,EUR
2016-04-06,5.38,5.38,5.38,5.3,1508,EUR
2016-04-07,5.41,5.42,5.32,5.27,431,EUR
2016-04-08,5.37,5.5,5.37,5.41,240,EUR
2016-04-11,5.52,5.52,5.52,5.57,50,EUR
2016-04-12,5.73,5.77,5.64,5.58,346,EUR
2016-04-13,5.5,5.5,5.5,5.53,10,EUR
2016-04-14,5.57,5.69,5.55,5.6,1150,EUR
2016-04-15,5.55,5.55,5.55,5.47,10,EUR
2016-04-18,5.47,5.55,5.47,5.46,81,EUR
2016-04-19,5.6,5.64,5.59,5.56,43,EUR
2016-04-20,5.5,5.5,5.5,5.54,15,EUR
2016-04-21,5.68,5.87,5.67,5.74,1142,EUR
2016-04-22,5.75,5.75,5.75,5.96,6,EUR
2016-04-25,5.94,6.06,5.94,5.89,45,EUR
2016-04-26,5.96,6.71,5.96,6.61,2239,EUR
2016-04-27,6.8,7.1,6.8,6.83,1803,EUR
2016-04-28,6.9,6.9,6.49,6.33,3599,EUR
2016-04-29,6.49,6.6,6.26,6.17,1978,EUR
2016-05-02,6.18,6.23,6.16,6.1,357,EUR
2016-05-03,6.17,6.17,5.95,5.98,481,EUR
2016-05-04,6.06,6.39,6.05,6.12,683,EUR
2016-05-05,6.53,6.59,6.35,6.19,231,EUR
2016-05-06,6.26,6.26,5.97,5.85,992,EUR
2016-05-09,6.05,6.14,5.86,5.69,984,EUR
2016-05-10,5.79,6.0,5.79,5.89,1124,EUR
2016-05-11,5.83,5.83,5.83,6.01,8,EUR
2016-05-12,6.15,6.21,6.13,5.8,754,EUR
2016-05-13,5.85,5.85,5.85,5.84,152,EUR
2016-05-16,6.07,6.19,6.05,6.1,113,EUR
2016-05-17,6.16,6.23,6.04,6.04,1274,EUR
2016-05-18,6.1,6.17,6.1,6.05,1406,EUR
2016-05-19,5.9,5.9,5.89,5.98,504,EUR
2016-05-20,5.92,5.97,5.92,5.95,32,EUR
2016-05-23,5.9,5.9,5.86,5.72,6,EUR
2016-05-24,5.81,5.81,5.81,5.78,2,EUR
2016-05-25,6.0,6.01,5.9,5.85,50,EUR
2016-05-26,6.12,6.22,6.12,6.01,60,EUR
2016-05-27,6.09,6.1,6.03,6.02,2924,EUR
2016-05-30,6.18,6.22,6.18,6.1,60,EUR
2016-05-31,6.2,6.27,6.14,6.08,1750,EUR
2016-06-01,5.98,5.98,5.98,5.95,60,EUR
2016-06-02,6.12,6.12,6.12,6.01,1300,EUR
2016-06-03,6.08,6.1,6.03,5.93,60,EUR
2016-06-06,6.16,6.33,6.14,6.19,1120,EUR
2016-06-07,6.36,6.36,6.36,6.1,70,EUR
2016-06-08,6.19,6.28,6.15,6.09,641,EUR
2016-06-09,6.06,6.06,6.06,6.1,73,EUR
2016-06-10,5.97,5.97,5.95,5.94,117,EUR
2016-06-13,5.89,5.89,5.85,5.84,140,EUR
2016-06-14,5.91,5.97,5.85,5.84,1093,EUR
2016-06-15,6.0,6.01,5.95,5.89,175,EUR
2016-06-16,5.93,5.94,5.8,5.7,180,EUR
2016-06-17,5.74,5.74,5.67,5.66,71,EUR
2016-06-20,5.9,5.97,5.88,5.84,100,EUR
2016-06-21,5.56,5.56,5.56,5.54,110,EUR
2016-06-22,5.57,5.57,5.57,5.67,2002,EUR
2016-06-23,5.77,5.78,5.69,5.63,100,EUR
2016-06-24,4.89,4.89,4.89,4.95,5,EUR
2016-06-27,5.06,5.06,5.0,4.76,56,EUR
2016-06-28,4.99,5.0,4.8,4.68,703,EUR
2016-06-29,4.67,4.67,4.47,4.51,575,EUR
2016-06-30,4.64,4.66,4.55,4.46,950,EUR
2016-07-01,4.46,4.46,4.46,4.61,1,EUR
2016-07-04,4.87,5.11,4.8,4.96,880,EUR
2016-07-05,4.96,4.99,4.78,4.7,696,EUR
2016-07-06,4.51,4.51,4.51,4.58,15,EUR
2016-07-07,4.72,4.72,4.63,4.57,12,EUR
2016-07-08,4.57,4.64,4.56,4.53,374,EUR
2016-07-11,4.53,4.53,4.48,4.42,21,EUR
2016-07-12,4.43,4.58,4.43,4.62,57,EUR
2016-07-13,4.65,4.94,4.65,4.78,616,EUR
2016-07-14,4.85,4.85,4.85,4.77,5,EUR
2016-07-15,4.7,4.7,4.7,4.92,4,EUR
2016-07-18,5.12,5.12,4.92,4.84,1110,EUR
2016-07-19,4.9,4.9,4.75,4.66,792,EUR
2016-07-20,4.79,4.79,4.67,4.68,3793,EUR
2016-07-21,4.72,4.72,4.72,4.64,5,EUR
2016-07-22,4.7,4.76,4.63,4.55,774,EUR
2016-07-25,4.66,4.67,4.6,4.58,797,EUR
2016-07-26,4.7,4.7,4.59,4.5,2744,EUR
2016-07-27,4.59,4.63,4.57,4.52,1444,EUR
2016-07-28,4.64,4.73,4.57,4.47,507,EUR
2016-07-29,4.4,4.4,4.4,4.41,2,EUR
2016-08-01,4.51,4.51,4.46,4.37,128,EUR
2016-08-02,4.43,4.51,4.41,4.4,289,EUR
2016-08-03,4.56,4.59,4.56,4.62,10,EUR
2016-08-04,4.67,4.78,4.63,4.68,1190,EUR
2016-08-05,4.77,4.9,4.75,4.72,503,EUR
2016-08-08,4.84,5.02,4.84,4.94,352,EUR
2016-08-09,5.0,5.0,4.89,4.87,655,EUR
2016-08-10,4.93,4.94,4.88,4.76,220,EUR
2016-08-11,4.82,4.87,4.81,4.87,29,EUR
2016-08-12,4.98,4.98,4.94,4.89,28,EUR
2016-08-15,4.99,4.99,4.86,4.8,750,EUR
2016-08-16,4.87,4.92,4.8,4.69,214,EUR
2016-08-17,4.77,4.77,4.58,4.48,642,EUR
2016-08-18,4.49,4.49,4.49,4.68,8,EUR
2016-08-19,4.74,4.9,4.74,4.76,386,EUR
2016-08-22,4.87,4.87,4.87,4.89,8,EUR
2016-08-23,4.99,5.0,4.91,4.7,496,EUR
2016-08-24,4.77,4.8,4.64,4.6,2759,EUR
2016-08-25,4.72,4.8,4.72,4.7,55,EUR
2016-08-26,4.78,4.81,4.77,4.69,200,EUR
2016-08-29,4.77,4.77,4.77,4.69,2,EUR
2016-08-30,4.8,4.84,4.7,4.54,1200,EUR
2016-08-31,4.68,4.7,4.5,4.46,1083,EUR
2016-09-01,4.54,4.55,4.46,4.37,681,EUR
2016-09-02,4.35,4.35,4.33,4.08,12,EUR
2016-09-05,4.2,4.21,3.96,3.93,2432,EUR
2016-09-06,4.03,4.2,3.99,4.13,1522,EUR
2016-09-07,4.11,4.18,4.03,4.01,756,EUR
2016-09-08,4.05,4.11,4.04,4.08,578,EUR
2016-09-09,4.15,4.2,4.12,4.08,385,EUR
2016-09-12,4.12,4.15,4.01,4.03,507,EUR
2016-09-13,4.1,4.12,4.05,4.02,1181,EUR
2016-09-14,4.13,4.13,4.02,3.98,491,EUR
2016-09-15,3.97,3.97,3.97,4.14,3,EUR
2016-09-16,4.25,4.47,4.25,4.36,423,EUR
2016-09-19,4.43,4.43,4.42,4.4,2,EUR
2016-09-20,4.41,4.42,4.24,4.16,434,EUR
2016-09-21,4.1,4.1,4.1,4.21,15,EUR
2016-09-22,4.36,4.52,4.31,4.42,1571,EUR
2016-09-23,4.65,4.65,4.65,4.54,10,EUR
2016-09-26,4.64,4.7,4.64,4.62,95,EUR
2016-09-27,4.66,4.69,4.49,4.43,1249,EUR
2016-09-28,5.0,5.0,5.0,4.95,1,EUR
2016-09-29,5.19,5.19,5.19,5.02,1,EUR
2016-09-30,4.92,4.92,4.92,4.96,1,EUR
2016-10-03,5.23,5.39,5.23,5.31,543,EUR
2016-10-04,5.22,5.22,5.22,5.21,2,EUR
2016-10-05,5.43,5.43,5.43,5.48,2,EUR
2016-10-06,5.6,6.11,5.6,5.86,2384,EUR
2016-10-07,5.67,5.67,5.67,5.69,10,EUR
2016-10-10,5.7,5.77,5.56,5.66,313,EUR
2016-10-11,5.55,5.55,5.55,5.43,2,EUR
2016-10-12,5.49,5.58,5.49,5.52,372,EUR
2016-10-13,5.64,5.64,5.64,5.65,2,EUR
2016-10-14,5.73,5.89,5.73,5.81,1293,EUR
2016-10-17,5.9,5.9,5.9,5.87,2,EUR
2016-10-18,6.04,6.08,5.87,5.95,505,EUR
2016-10-19,6.01,6.01,5.71,5.67,1085,EUR
2016-10-20,5.72,5.82,5.57,5.58,1298,EUR
2016-10-21,5.57,6.01,5.54,5.89,401,EUR
2016-10-24,6.02,6.03,5.84,5.81,1323,EUR
2016-10-25,5.92,6.0,5.67,5.81,1855,EUR
2016-10-26,5.89,6.09,5.89,5.94,1385,EUR
2016-10-27,5.96,6.01,5.81,5.81,926,EUR
2016-10-28,5.76,5.76,5.75,5.88,6,EUR
2016-10-31,5.93,5.93,5.93,5.9,4,EUR
2016-11-01,5.97,5.97,5.97,6.03,20,EUR
2016-11-02,6.04,6.14,5.89,6.24,1026,EUR
2016-11-03,6.26,6.61,6.22,6.5,1114,EUR
2016-11-04,6.53,6.61,6.44,6.41,478,EUR
2016-11-07,6.52,6.52,6.52,6.23,7,EUR
2016-11-08,6.31,6.31,6.05,6.15,1214,EUR
2016-11-09,6.0,6.19,5.88,6.13,832,EUR
2016-11-10,6.18,6.19,5.97,5.92,2236,EUR
2016-11-11,5.7,5.7,5.7,5.67,1,EUR
2016-11-14,5.55,5.55,5.55,5.41,3,EUR
2016-11-15,5.52,5.78,5.46,5.74,854,EUR
2016-11-16,5.84,5.84,5.56,5.55,1294,EUR
2016-11-17,5.74,5.8,5.74,5.9,4,EUR
2016-11-18,5.86,5.86,5.64,5.58,1137,EUR
2016-11-21,5.47,5.47,5.47,5.48,2,EUR
2016-11-22,5.58,5.58,5.49,5.51,1722,EUR
2016-11-23,5.59,5.68,5.4,5.39,1020,EUR
2016-11-24,5.35,5.35,5.35,5.34,2,EUR
2016-11-25,5.32,5.32,5.01,5.0,1453,EUR
2016-11-28,4.99,4.99,4.99,4.74,2,EUR
2016-11-29,4.71,4.79,4.41,4.56,21128,EUR
2016-11-30,4.49,4.81,4.35,4.58,16816,EUR
2016-12-01,4.62,4.65,4.4,4.46,15000,EUR
2016-12-02,4.44,4.5,4.25,4.3,23234,EUR
2016-12-05,4.27,4.45,3.97,4.37,23625,EUR
2016-12-06,4.29,4.54,4.03,4.5,20978,EUR
2016-12-07,4.49,4.62,4.27,4.3,19141,EUR
2016-12-08,4.27,4.65,4.24,4.61,16365,EUR
2016-12-09,4.61,4.78,4.44,4.46,16739,EUR
2016-12-12,4.51,4.89,4.49,4.87,20871,EUR
2016-12-13,4.84,4.92,4.7,4.79,23633,EUR
2016-12-14,5.03,5.19,4.88,5.01,25669,EUR
2016-12-15,5.01,5.14,4.79,4.84,20358,EUR
2016-12-16,4.93,5.0,4.57,4.93,22511,EUR
2016-12-19,4.96,5.22,4.93,5.09,16004,EUR
2016-12-20,5.22,5.22,5.22,5.23,16,EUR
2016-12-21,5.29,5.82,5.29,5.8,771,EUR
2016-12-22,5.87,5.89,5.87,6.07,2,EUR
2016-12-23,6.12,6.35,6.12,6.22,1893,EUR
2016-12-27,6.5,6.58,6.16,6.32,302,EUR
2016-12-28,6.41,6.41,6.31,6.32,50,EUR
2016-12-29,6.36,6.42,6.34,6.34,200,EUR
2016-12-30,6.41,6.63,6.41,6.54,1,EUR
2017-01-02,6.48,6.48,6.36,6.11,30,EUR
2017-01-03,6.05,6.05,5.44,5.41,1557,EUR
2017-01-04,5.64,5.68,5.32,5.7,45,EUR
2017-01-05,5.79,5.83,5.33,5.27,1088,EUR
2017-01-06,5.39,5.39,5.04,5.03,4,EUR
2017-01-09,5.05,5.05,5.05,5.25,2,EUR
2017-01-10,5.36,5.36,5.36,5.49,2,EUR
2017-01-11,5.61,5.69,5.47,5.51,3933,EUR
2017-01-12,5.54,5.54,5.08,5.03,1,EUR
2017-01-13,5.1,5.18,5.01,5.03,2307,EUR
2017-01-16,4.96,4.96,4.85,4.69,7,EUR
2017-01-17,4.66,4.66,4.66,4.99,1,EUR
2017-01-18,4.96,4.96,4.93,4.83,19,EUR
2017-01-19,4.9,4.95,4.9,5.19,15,EUR
2017-01-20,5.15,5.57,5.15,5.42,1791,EUR
2017-01-23,5.45,5.59,5.34,5.31,3023,EUR
2017-01-24,5.19,5.19,5.19,5.07,2,EUR
2017-01-25,4.95,4.99,4.95,4.97,3,EUR
2017-01-26,5.05,5.27,4.94,5.19,828,EUR
2017-01-27,5.17,5.24,4.95,4.91,496,EUR
2017-01-30,5.34,5.34,5.34,5.34,974,EUR
2017-01-31,5.69,5.69,5.69,5.69,664,EUR
2017-02-01,5.61,5.61,5.61,5.61,635,EUR
2017-02-02,5.56,5.56,5.56,5.56,866,EUR
2017-02-03,5.49,5.49,5.49,5.49,20,EUR
2017-02-06,5.43,5.43,5.43,5.43,1166,EUR
2017-02-07,5.5,5.5,5.5,5.5,1582,EUR
2017-02-08,5.55,5.55,5.55,5.55,1858,EUR
2017-02-09,5.62,5.62,5.62,5.62,2342,EUR
2017-02-10,5.45,5.45,5.45,5.45,1508,EUR
2017-02-13,5.24,5.24,5.24,5.24,1011,EUR
2017-02-14,5.48,5.48,5.48,5.48,679,EUR
2017-02-15,5.42,5.42,5.42,5.42,1641,EUR
2017-02-16,5.28,5.28,5.28,5.28,9,EUR
2017-02-17,5.31,5.31,5.31,5.31,6,EUR
2017-02-20,5.43,5.43,5.43,5.43,1165,EUR
2017-02-21,5.39,5.39,5.39,5.39,820,EUR
2017-02-22,5.41,5.41,5.41,5.41,8,EUR
2017-02-23,5.7,5.7,5.7,5.7,4,EUR
2017-02-24,5.73,5.73,5.73,5.73,2,EUR
2017-02-27,5.53,5.53,5.53,5.53,2,EUR
2017-02-28,5.57,5.57,5.57,5.57,182,EUR
2017-03-01,6.26,6.26,6.26,6.26,1675,EUR
2017-03-02,5.81,5.81,5.81,5.81,195,EUR
2017-03-03,5.94,5.94,5.94,5.94,246,EUR
2017-03-06,5.83,5.83,5.83,5.83,1504,EUR
2017-03-07,5.72,5.72,5.72,5.72,192,EUR
2017-03-08,5.58,5.58,5.58,5.58,241,EUR
2017-03-09,5.46,5.46,5.46,5.46,223,EUR
2017-03-10,5.51,5.51,5.51,5.51,87,EUR
2017-03-13,5.5,5.5,5.5,5.5,5,EUR
2017-03-14,5.45,5.45,5.45,5.45,301,EUR
2017-03-15,5.54,5.54,5.54,5.54,53,EUR
2017-03-16,5.49,5.49,5.49,5.49,192,EUR
2017-03-17,5.48,5.48,5.48,5.48,390,EUR
2017-03-20,5.33,5.33,5.33,5.33,429,EUR
2017-03-21,5.28,5.28,5.28,5.28,4121,EUR
2017-03-22,5.31,5.31,5.31,5.31,321,EUR
2017-03-23,5.32,5.32,5.32,5.32,180,EUR
2017-03-24,5.11,5.11,5.11,5.11,374,EUR
2017-03-27,4.97,4.97,4.97,4.97,676,EUR
2017-03-28,5.08,5.08,5.08,5.08,980,EUR
2017-03-29,5.11,5.11,5.11,5.11,2389,EUR
2017-03-30,5.27,5.27,5.27,5.27,500,EUR
2017-03-31,5.04,5.04,5.04,5.04,1273,EUR
2017-04-03,5.21,5.21,5.21,5.21,1604,EUR
2017-04-04,4.98,4.98,4.98,4.98,9,EUR
2017-04-05,5.18,5.18,5.18,5.18,1795,EUR
2017-04-06,5.43,5.43,5.43,5.43,1489,EUR
2017-04-07,5.25,5.25,5.25,5.25,3580,EUR
2017-04-10,5.15,5.15,5.15,5.15,991,EUR
2017-04-11,5.24,5.24,5.24,5.24,2,EUR
2017-04-12,5.31,5.31,5.31,5.31,1035,EUR
2017-04-13,5.32,5.32,5.32,5.32,482,EUR
2017-04-18,5.24,5.24,5.24,5.24,795,EUR
2017-04-19,5.22,5.22,5.22,5.22,2,EUR
2017-04-20,5.12,5.12,5.12,5.12,2,EUR
2017-04-21,4.94,4.94,4.94,4.94,6,EUR
2017-04-24,5.02,5.02,5.02,5.02,2,EUR
2017-04-25,4.87,4.87,4.87,4.87,1230,EUR
2017-04-26,4.98,4.98,4.98,4.98,422,EUR
2017-04-27,4.93,4.93,4.93,4.93,1537,EUR
2017-04-28,4.94,4.94,4.94,4.94,959,EUR
2017-05-01,4.57,4.57,4.57,4.57,0,EUR
2017-05-02,4.81,4.81,4.81,4.81,10,EUR
2017-05-03,4.77,4.77,4.77,4.77,1234,EUR
2017-05-04,4.87,4.87,4.87,4.87,1342,EUR
2017-05-05,4.94,4.94,4.94,4.94,2971,EUR
2017-05-08,4.79,4.79,4.79,4.79,1396,EUR
2017-05-09,4.89,4.89,4.89,4.89,22,EUR
2017-05-10,4.82,4.82,4.82,4.82,5766,EUR
2017-05-11,4.72,4.72,4.72,4.72,2,EUR
2017-05-12,4.83,4.83,4.83,4.83,1,EUR
2017-05-15,4.76,4.76,4.76,4.76,1962,EUR
2017-05-16,4.91,4.91,4.91,4.91,2032,EUR
2017-05-17,4.95,4.95,4.95,4.95,2694,EUR
2017-05-18,5.13,5.13,5.13,5.13,1730,EUR
2017-05-19,5.22,5.22,5.22,5.22,32,EUR
2017-05-22,5.29,5.29,5.29,5.29,6,EUR
2017-05-23,5.13,5.13,5.13,5.13,50,EUR
2017-05-24,5.3,5.3,5.3,5.3,50,EUR
2017-05-25,5.37,5.37,5.37,5.37,376,EUR
2017-05-26,5.58,5.58,5.58,5.58,120,EUR
2017-05-29,5.57,5.57,5.57,5.57,291,EUR
2017-05-30,5.53,5.53,5.53,5.53,2993,EUR
2017-05-31,5.35,5.35,5.35,5.35,10,EUR
2017-06-01,5.45,5.45,5.45,5.45,1469,EUR
2017-06-02,5.54,5.54,5.54,5.54,925,EUR
2017-06-05,5.55,5.55,5.55,5.55,560,EUR
2017-06-06,5.35,5.35,5.35,5.35,50,EUR
2017-06-07,5.26,5.26,5.26,5.26,683,EUR
2017-06-08,5.43,5.43,5.43,5.43,3511,EUR
2017-06-09,5.42,5.42,5.42,5.42,100,EUR
2017-06-12,5.3,5.3,5.3,5.3,9,EUR
2017-06-13,5.4,5.4,5.4,5.4,24202,EUR
2017-06-14,5.32,5.32,5.32,5.32,3000,EUR
2017-06-15,5.33,5.33,5.33,5.33,1050,EUR
2017-06-16,5.26,5.26,5.26,5.26,2,EUR
2017-06-19,5.31,5.31,5.31,5.31,1743,EUR
2017-06-20,5.35,5.35,5.35,5.35,61,EUR
2017-06-21,5.26,5.26,5.26,5.26,315,EUR
2017-06-22,5.25,5.25,5.25,5.25,55,EUR
2017-06-23,5.25,5.25,5.25,5.25,2294,EUR
2017-06-26,5.16,5.16,5.16,5.16,1344,EUR
2017-06-27,5.33,5.33,5.33,5.33,400,EUR
2017-06-28,5.33,5.33,5.33,5.33,1803,EUR
2017-06-29,5.46,5.46,5.46,5.46,5766,EUR
2017-06-30,5.42,5.42,5.42,5.42,1427,EUR
2017-07-03,5.53,5.53,5.53,5.53,686,EUR
2017-07-04,5.51,5.51,5.51,5.51,1273,EUR
2017-07-05,5.43,5.43,5.43,5.43,1446,EUR
2017-07-06,5.63,5.63,5.63,5.63,1646,EUR
2017-07-07,5.74,5.74,5.74,5.74,3921,EUR
2017-07-10,5.8,5.8,5.8,5.8,1408,EUR
2017-07-11,5.73,5.73,5.73,5.73,1612,EUR
2017-07-12,5.88,5.88,5.88,5.88,901,EUR
2017-07-13,5.76,5.76,5.76,5.76,1350,EUR
2017-07-14,5.82,5.82,5.82,5.82,2,EUR
2017-07-17,5.82,5.82,5.82,5.82,1649,EUR
2017-07-18,5.85,5.85,5.85,5.85,6,EUR
2017-07-19,5.84,5.84,5.84,5.84,505,EUR
2017-07-20,5.75,5.75,5.75,5.75,255,EUR
2017-07-21,5.6,5.6,5.6,5.6,699,EUR
2017-07-24,5.64,5.64,5.64,5.64,1584,EUR
2017-07-25,5.67,5.67,5.67,5.67,1360,EUR
2017-07-26,5.76,5.76,5.76,5.76,867,EUR
2017-07-27,5.65,5.65,5.65,5.65,1163,EUR
2017-07-28,5.69,5.69,5.69,5.69,655,EUR
2017-07-31,5.73,5.73,5.73,5.73,983,EUR
2017-08-01,5.8,5.8,5.8,5.8,1834,EUR
2017-08-02,5.93,5.93,5.93,5.93,4246,EUR
2017-08-03,5.94,5.94,5.94,5.94,9,EUR
2017-08-04,5.86,5.86,5.86,5.86,1083,EUR
2017-08-07,5.77,5.77,5.77,5.77,692,EUR
2017-08-08,5.77,5.77,5.77,5.77,746,EUR
2017-08-09,5.92,5.92,5.92,5.92,2208,EUR
2017-08-10,5.96,5.96,5.96,5.96,3096,EUR
2017-08-11,5.99,5.99,5.99,5.99,1937,EUR
2017-08-14,6.12,6.12,6.12,6.12,2871,EUR
2017-08-15,6.13,6.13,6.13,6.13,1879,EUR
2017-08-16,6.39,6.39,6.39,6.39,10654,EUR
2017-08-17,6.41,6.41,6.41,6.41,3751,EUR
2017-08-18,6.41,6.41,6.41,6.41,1999,EUR
2017-08-21,6.34,6.34,6.34,6.34,8,EUR
2017-08-22,6.37,6.37,6.37,6.37,2055,EUR
2017-08-23,6.54,6.54,6.54,6.54,50,EUR
2017-08-24,6.55,6.55,6.55,6.55,200,EUR
2017-08-25,6.69,6.69,6.69,6.69,50,EUR
2017-08-28,6.7,6.7,6.7,6.7,5,EUR
2017-08-29,6.64,6.64,6.64,6.64,50,EUR
2017-08-30,6.62,6.62,6.62,6.62,3093,EUR
2017-08-31,6.54,6.54,6.54,6.54,100,EUR
2017-09-01,6.43,6.43,6.43,6.43,2041,EUR
2017-09-04,6.51,6.51,6.51,6.51,958,EUR
2017-09-05,7.0,7.0,7.0,7.0,204,EUR
2017-09-06,7.19,7.19,7.19,7.19,1,EUR
2017-09-07,7.4,7.4,7.4,7.4,1970,EUR
2017-09-08,7.56,7.56,7.56,7.56,1312,EUR
2017-09-11,7.37,7.37,7.37,7.37,10992,EUR
2017-09-12,7.36,7.36,7.36,7.36,2257,EUR
2017-09-13,7.6,7.6,7.6,7.6,6,EUR
2017-09-14,7.6,7.6,7.6,7.6,4616,EUR
2017-09-15,7.44,7.44,7.44,7.44,4,EUR
2017-09-18,7.22,7.22,7.22,7.22,3025,EUR
2017-09-19,7.52,7.52,7.52,7.52,2,EUR
2017-09-20,7.4,7.4,7.4,7.4,1043,EUR
2017-09-21,7.05,7.05,7.05,7.05,16,EUR
2017-09-22,7.14,7.14,7.14,7.14,2,EUR
2017-09-25,7.78,7.78,7.78,7.78,2169,EUR
2017-09-26,7.51,7.51,7.51,7.51,2390,EUR
2017-09-27,7.46,7.46,7.46,7.46,1729,EUR
2017-09-28,7.48,7.48,7.48,7.48,3419,EUR
2017-09-29,7.59,7.59,7.59,7.59,2283,EUR
2017-10-02,7.46,7.46,7.46,7.46,1511,EUR
2017-10-03,7.52,7.52,7.52,7.52,1433,EUR
2017-10-04,7.44,7.44,7.44,7.44,4435,EUR
2017-10-05,7.42,7.42,7.42,7.42,1593,EUR
2017-10-06,7.52,7.52,7.52,7.52,1772,EUR
2017-10-09,7.48,7.48,7.48,7.48,1612,EUR
2017-10-10,7.87,7.87,7.87,7.87,2845,EUR
2017-10-11,7.85,7.85,7.85,7.85,150,EUR
2017-10-12,7.87,7.87,7.87,7.87,4400,EUR
2017-10-13,7.78,7.78,7.78,7.78,5189,EUR
2017-10-16,7.78,7.78,7.78,7.78,1703,EUR
2017-10-17,7.84,7.84,7.84,7.84,6,EUR
2017-10-18,8.24,8.24,8.24,8.24,20,EUR
2017-10-19,8.08,8.08,8.08,8.08,1714,EUR
2017-10-20,8.0,8.0,8.0,8.0,3,EUR
2017-10-23,7.87,7.87,7.87,7.87,958,EUR
2017-10-24,7.91,7.91,7.91,7.91,1139,EUR
2017-10-25,7.84,7.84,7.84,7.84,750,EUR
2017-10-26,7.64,7.64,7.64,7.64,8312,EUR
2017-10-27,7.61,7.61,7.61,7.61,4,EUR
2017-10-30,7.58,7.58,7.58,7.58,4,EUR
2017-10-31,7.81,7.81,7.81,7.81,5195,EUR
2017-11-01,7.95,7.95,7.95,7.95,4520,EUR
2017-11-02,8.1,8.1,8.1,8.1,4947,EUR
2017-11-03,8.32,8.32,8.32,8.32,4086,EUR
2017-11-06,8.36,8.36,8.36,8.36,2931,EUR
2017-11-07,8.22,8.22,8.22,8.22,2634,EUR
2017-11-08,8.18,8.18,8.18,8.18,150,EUR
2017-11-09,8.01,8.01,8.01,8.01,500,EUR
2017-11-10,7.86,7.86,7.86,7.86,6433,EUR
2017-11-13,7.81,7.81,7.81,7.81,2799,EUR
2017-11-14,7.85,7.85,7.85,7.85,5327,EUR
2017-11-15,8.15,8.15,8.15,8.15,2918,EUR
2017-11-16,7.95,7.95,7.95,7.95,3782,EUR
2017-11-17,7.93,7.93,7.93,7.93,5770,EUR
2017-11-20,7.9,7.9,7.9,7.9,2,EUR
2017-11-21,7.85,7.85,7.85,7.85,1566,EUR
2017-11-22,7.83,7.83,7.83,7.83,4763,EUR
2017-11-23,8.12,8.12,8.12,8.12,13991,EUR
2017-11-24,8.21,8.21,8.21,8.21,6,EUR
2017-11-27,8.15,8.15,8.15,8.15,5,EUR
2017-11-28,8.04,8.04,8.04,8.04,14588,EUR
2017-11-29,8.14,8.14,8.14,8.14,20674,EUR
2017-11-30,7.97,7.97,7.97,7.97,11551,EUR
2017-12-01,8.13,8.13,8.13,8.13,16013,EUR
2017-12-04,8.0,8.0,8.0,8.0,17606,EUR
2017-12-05,7.87,7.87,7.87,7.87,12933,EUR
2017-12-06,7.72,7.72,7.72,7.72,17026,EUR
2017-12-07,7.79,7.79,7.79,7.79,12374,EUR
2017-12-08,7.58,7.58,7.58,7.58,15526,EUR
2017-12-11,7.64,7.64,7.64,7.64,22329,EUR
2017-12-12,7.69,7.69,7.69,7.61,50,EUR
2017-12-13,7.55,7.55,7.55,7.55,42024,EUR
2017-12-14,7.56,7.56,7.56,7.56,650,EUR
2017-12-15,7.65,7.65,7.65,7.65,33620,EUR
2017-12-18,7.86,7.86,7.86,7.86,13043,EUR
2017-12-19,7.97,7.97,7.97,7.97,11012,EUR
2017-12-20,8.24,8.24,8.24,8.24,1,EUR
2017-12-21,8.45,8.45,8.45,8.45,12565,EUR
2017-12-22,8.62,8.62,8.62,8.62,7686,EUR
2017-12-27,8.6,8.6,8.6,8.6,2919,EUR
2017-12-28,8.64,8.64,8.64,8.64,2554,EUR
2017-12-29,8.6,8.6,8.6,8.6,5510,EUR
2018-01-02,8.22,8.22,8.22,8.22,9626,EUR
2018-01-03,8.24,8.24,8.24,8.24,7957,EUR
2018-01-04,8.18,8.18,8.18,8.18,10379,EUR
2018-01-05,8.19,8.19,8.19,8.19,5560,EUR
2018-01-08,8.07,8.07,8.07,8.07,14246,EUR
2018-01-09,8.19,8.19,8.19,8.19,8966,EUR
2018-01-10,8.28,8.28,8.28,8.28,9214,EUR
2018-01-11,8.21,8.21,8.21,8.21,17686,EUR
2018-01-12,8.26,8.26,8.26,8.26,8316,EUR
2018-01-15,8.2,8.2,8.2,8.2,8769,EUR
2018-01-16,8.45,8.45,8.45,8.45,4,EUR
2018-01-17,8.58,8.58,8.58,8.58,15,EUR
2018-01-18,8.89,8.89,8.89,8.89,50,EUR
2018-01-19,9.25,9.25,9.25,9.25,50,EUR
2018-01-22,9.31,9.31,9.31,9.31,103,EUR
2018-01-23,9.57,9.57,9.57,9.57,118,EUR
2018-01-24,10.02,10.02,10.02,10.02,1000,EUR
2018-01-25,9.82,9.82,9.82,9.82,301,EUR
2018-01-26,9.67,9.67,9.67,9.67,150,EUR
2018-01-29,9.58,9.58,9.58,9.58,30,EUR
2018-01-30,9.46,9.46,9.46,9.46,33,EUR
2018-01-31,9.85,9.85,9.85,9.85,17389,EUR
2018-02-01,9.85,9.85,9.85,9.85,17165,EUR
2018-02-02,9.53,9.53,9.53,9.53,12455,EUR
2018-02-05,9.63,9.63,9.63,9.63,43,EUR
2018-02-06,9.36,9.36,9.36,9.36,15390,EUR
2018-02-07,9.56,9.56,9.56,9.56,14968,EUR
2018-02-08,9.69,9.69,9.69,9.69,1,EUR
2018-02-09,9.79,9.79,9.79,9.79,50,EUR
2018-02-12,10.05,10.05,10.05,10.05,12290,EUR
2018-02-13,10.52,10.52,10.52,10.52,5,EUR
2018-02-14,10.22,10.22,10.22,10.22,150,EUR
2018-02-15,10.16,10.16,10.16,10.16,11338,EUR
2018-02-16,10.13,10.13,10.13,10.13,16673,EUR
2018-02-19,10.5,10.5,10.5,10.5,3,EUR
2018-02-20,10.34,10.34,10.34,10.34,18261,EUR
2018-02-21,10.18,10.18,10.18,10.18,10682,EUR
2018-02-22,10.34,10.34,10.34,10.34,16639,EUR
2018-02-23,10.43,10.43,10.43,10.43,23697,EUR
2018-02-26,10.25,10.25,10.25,10.25,19,EUR
2018-02-27,10.77,10.77,10.77,10.77,176,EUR
2018-02-28,10.73,10.73,10.73,10.73,130,EUR
2018-03-01,10.62,10.62,10.62,10.62,1379,EUR
2018-03-02,10.77,10.77,10.77,10.77,167,EUR
2018-03-05,10.99,10.99,10.99,10.99,201,EUR
2018-03-06,11.1,11.1,11.1,11.1,237,EUR
2018-03-07,11.27,11.27,11.27,11.27,118,EUR
2018-03-08,11.75,11.75,11.75,11.75,156,EUR
2018-03-09,11.79,11.79,11.79,11.79,147,EUR
2018-03-12,11.76,11.76,11.76,11.76,240,EUR
2018-03-13,12.11,12.11,12.11,12.11,77,EUR
2018-03-14,11.79,11.79,11.79,11.79,100,EUR
2018-03-15,11.74,11.74,11.74,11.74,871,EUR
2018-03-16,11.73,11.73,11.73,11.73,767,EUR
2018-03-19,11.62,11.62,11.62,11.62,809,EUR
2018-03-20,12.11,12.11,12.11,12.11,255,EUR
2018-03-21,13.27,13.27,13.27,13.27,43495,EUR
2018-03-22,12.96,12.96,12.96,12.96,34457,EUR
2018-03-23,13.23,13.23,13.23,13.23,24105,EUR
2018-03-26,13.61,13.61,13.61,13.61,2500,EUR
2018-03-27,14.38,14.38,14.38,14.38,3500,EUR
2018-03-28,13.75,13.75,13.75,13.75,1000,EUR
2018-03-29,14.04,14.04,14.04,14.04,29,EUR
2018-04-03,14.06,14.06,14.06,14.06,18796,EUR
2018-04-04,13.83,13.83,13.83,13.83,17632,EUR
2018-04-05,13.41,13.41,13.41,13.41,3,EUR
2018-04-06,13.76,13.76,13.76,13.76,20771,EUR
2018-04-09,14.11,14.11,14.11,14.11,17917,EUR
2018-04-10,14.16,14.16,14.16,14.16,19372,EUR
2018-04-11,14.24,14.24,14.24,14.24,34412,EUR
2018-04-12,14.44,14.44,14.44,14.44,17555,EUR
2018-04-13,14.84,14.84,14.84,14.84,250,EUR
2018-04-16,14.92,14.92,14.92,14.92,258,EUR
2018-04-17,14.68,14.68,14.68,14.68,23,EUR
2018-04-18,14.84,14.84,14.84,14.84,50,EUR
2018-04-19,14.42,14.42,14.42,14.42,1,EUR
2018-04-20,14.02,14.02,14.02,14.02,3,EUR
2018-04-23,13.87,13.87,13.87,13.87,330,EUR
2018-04-24,14.22,14.22,14.22,14.22,28,EUR
2018-04-25,14.26,14.26,14.26,14.26,20,EUR
2018-04-26,14.51,14.51,14.51,14.51,42,EUR
2018-04-27,14.58,14.58,14.58,14.58,15,EUR
2018-04-30,14.6,14.6,14.6,14.6,12374,EUR
2018-05-01,14.41,14.41,14.41,14.41,9971,EUR
2018-05-02,14.08,14.08,14.08,14.08,22728,EUR
2018-05-03,13.98,13.98,13.98,13.98,4,EUR
2018-05-04,14.04,14.04,14.04,14.04,10414,EUR
2018-05-07,14.65,14.65,14.65,14.65,18940,EUR
2018-05-08,14.63,14.63,14.63,14.63,12142,EUR
2018-05-09,15.05,15.05,15.05,15.05,2,EUR
2018-05-10,15.66,15.66,15.66,15.66,28,EUR
2018-05-11,15.68,15.68,15.68,15.68,3,EUR
2018-05-14,15.7,15.7,15.7,15.7,18455,EUR
2018-05-15,15.38,15.38,15.38,15.38,4,EUR
2018-05-16,16.25,16.25,16.25,16.25,5,EUR
2018-05-17,16.39,16.39,16.39,16.39,10,EUR
2018-05-18,16.39,16.39,16.39,16.38,7,EUR
2018-05-21,16.68,16.68,16.68,16.68,12,EUR
2018-05-22,17.08,17.08,17.08,17.08,15,EUR
2018-05-23,17.15,17.15,17.15,17.15,20,EUR
2018-05-24,17.45,17.45,17.45,17.45,15,EUR
2018-05-25,17.17,17.17,17.17,17.17,10,EUR
2018-05-28,17.47,17.47,17.47,17.47,8557,EUR
2018-05-29,17.47,17.47,17.47,17.47,10,EUR
2018-05-30,17.02,17.02,17.02,17.02,17,EUR
2018-05-31,16.16,16.16,16.16,16.16,70,EUR
2018-06-01,16.55,16.55,16.55,16.55,10,EUR
2018-06-04,17.42,17.42,17.42,17.42,63,EUR
2018-06-05,17.11,17.11,17.11,17.11,210,EUR
2018-06-06,17.31,17.31,17.31,17.31,10,EUR
2018-06-07,17.37,17.37,17.37,17.37,2,EUR
2018-06-08,17.2,17.2,17.2,17.2,13356,EUR
2018-06-11,16.96,16.96,16.96,16.96,48,EUR
2018-06-12,16.61,16.61,16.61,16.61,106,EUR
2018-06-13,16.77,16.77,16.77,16.77,10,EUR
2018-06-14,16.34,16.34,16.34,16.34,11,EUR
2018-06-15,15.98,15.98,15.98,15.98,13,EUR
2018-06-18,16.05,16.05,16.05,16.05,20,EUR
2018-06-19,15.69,15.69,15.69,15.69,22150,EUR
2018-06-20,15.98,15.98,15.98,15.98,500,EUR
2018-06-21,16.31,16.31,16.31,16.31,673,EUR
2018-06-22,16.61,16.61,16.61,16.61,250,EUR
2018-06-25,16.54,16.54,16.54,16.54,300,EUR
2018-06-26,16.55,16.55,16.55,16.55,203,EUR
2018-06-27,16.78,16.78,16.78,16.78,20605,EUR
2018-06-28,16.52,16.52,16.52,16.52,15912,EUR
2018-06-29,16.51,16.51,16.51,16.51,10,EUR
2018-07-02,16.62,16.62,16.62,16.62,490,EUR
2018-07-03,16.65,16.65,16.65,16.65,10765,EUR
2018-07-04,17.07,17.07,17.07,17.07,13299,EUR
2018-07-05,17.25,17.25,17.25,17.25,500,EUR
2018-07-06,17.28,17.28,17.28,17.28,19594,EUR
2018-07-09,17.58,17.58,17.58,17.58,20748,EUR
2018-07-10,17.67,17.67,17.67,17.67,15390,EUR
2018-07-11,17.95,17.95,17.95,17.95,5,EUR
2018-07-12,17.72,17.72,17.72,17.72,14265,EUR
2018-07-13,17.69,17.69,17.69,17.69,32,EUR
2018-07-16,17.59,17.59,17.59,17.59,50,EUR
2018-07-17,17.74,17.74,17.74,17.74,917,EUR
2018-07-18,18.11,18.11,18.11,18.11,250,EUR
2018-07-19,18.56,18.56,18.56,18.56,98,EUR
2018-07-20,18.77,18.77,18.77,18.77,50,EUR
2018-07-23,19.16,19.16,19.16,19.09,501,EUR
2018-07-24,19.01,19.01,19.01,19.01,1000,EUR
2018-07-25,19.28,19.28,19.28,19.28,250,EUR
2018-07-26,19.23,19.23,19.23,19.23,37,EUR
2018-07-27,19.09,19.09,19.09,19.09,53,EUR
2018-07-30,18.99,18.99,18.99,18.99,50,EUR
2018-07-31,19.34,19.34,19.34,19.34,49,EUR
2018-08-01,19.69,19.69,19.69,19.69,505,EUR
2018-08-02,19.53,19.53,19.53,19.53,7123,EUR
2018-08-03,19.62,19.62,19.56,19.53,243,EUR
2018-08-06,19.42,19.42,19.42,19.42,100,EUR
2018-08-07,19.36,19.36,19.36,19.36,478,EUR
2018-08-08,19.22,19.22,19.22,19.22,920,EUR
2018-08-09,19.42,19.42,19.42,19.42,3,EUR
2018-08-10,19.73,19.73,19.73,19.73,56,EUR
2018-08-13,19.81,19.92,19.81,19.9,367,EUR
2018-08-14,19.88,19.99,19.88,20.0,100,EUR
2018-08-15,19.95,19.95,19.95,19.95,125,EUR
2018-08-16,20.08,20.08,20.02,19.86,100,EUR
2018-08-17,20.09,20.09,20.03,20.04,203,EUR
2018-08-20,20.14,20.43,20.14,20.44,758,EUR
2018-08-21,21.34,21.34,21.34,21.31,300,EUR
2018-08-22,21.83,21.87,21.74,21.82,114,EUR
2018-08-23,22.68,22.68,22.43,22.47,736,EUR
2018-08-24,22.58,22.58,22.3,22.83,150,EUR
2018-08-27,23.45,23.45,23.45,23.45,50,EUR
2018-08-28,23.14,23.14,22.87,22.86,309,EUR
2018-08-29,23.19,23.19,23.19,23.19,50,EUR
2018-08-30,23.15,23.65,23.15,23.29,453,EUR
2018-08-31,23.2,23.2,23.2,23.2,10,EUR
2018-09-03,22.28,22.28,22.28,22.28,72,EUR
2018-09-04,22.22,22.22,22.21,22.25,137,EUR
2018-09-05,22.44,22.44,22.44,22.44,74,EUR
2018-09-06,23.57,23.57,23.57,23.57,150,EUR
2018-09-07,25.33,25.33,25.33,25.33,9,EUR
2018-09-10,27.42,27.42,27.42,27.42,92,EUR
2018-09-11,26.51,26.51,26.49,26.66,505,EUR
2018-09-12,25.66,25.66,25.66,25.37,225,EUR
2018-09-13,23.0,23.0,23.0,21.29,56,EUR
2018-09-14,22.42,22.42,22.42,22.42,11,EUR
2018-09-17,23.46,23.46,23.46,23.46,1800,EUR
2018-09-18,22.83,22.83,22.83,22.83,181,EUR
2018-09-19,22.43,22.43,22.43,24.09,28,EUR
2018-09-20,24.72,24.72,24.72,24.72,1,EUR
2018-09-21,24.88,24.88,24.88,24.88,62,EUR
2018-09-24,25.29,25.29,25.29,25.29,110,EUR
2018-09-25,24.27,24.27,24.27,24.27,20,EUR
2018-09-26,23.42,23.42,23.42,23.42,98,EUR
2018-09-27,24.0,24.0,24.0,24.0,8,EUR
2018-09-28,24.63,24.63,24.63,24.63,12,EUR
2018-10-01,24.42,24.42,24.42,24.96,1,EUR
2018-10-02,25.38,25.38,25.33,24.76,106,EUR
2018-10-03,24.81,24.81,24.67,24.96,121,EUR
2018-10-04,25.18,25.18,25.18,25.18,100,EUR
2018-10-05,26.1,26.1,26.1,26.1,102,EUR
2018-10-08,26.48,26.48,26.48,26.48,572,EUR
2018-10-09,26.18,26.2,25.54,25.33,750,EUR
2018-10-10,23.84,23.84,23.84,23.65,1280,EUR
2018-10-11,22.55,23.88,22.55,23.88,880,EUR
2018-10-12,24.21,24.25,24.18,24.21,89,EUR
2018-10-15,23.72,23.76,22.79,22.09,28,EUR
2018-10-16,22.36,22.61,22.36,22.53,2127,EUR
2018-10-17,22.61,22.61,22.07,22.27,136,EUR
2018-10-18,21.75,22.65,21.45,22.62,3250,EUR
2018-10-19,22.64,22.64,22.64,22.64,5,EUR
2018-10-22,22.17,22.49,22.12,21.92,108,EUR
2018-10-23,21.63,21.63,21.63,21.8,240,EUR
2018-10-24,21.77,22.03,21.77,21.9,47,EUR
2018-10-25,21.47,21.47,21.47,21.41,87,EUR
2018-10-26,20.59,20.59,20.59,20.59,2,EUR
2018-10-29,19.88,19.88,19.27,18.91,2569,EUR
2018-10-30,18.91,18.91,17.51,18.13,2643,EUR
2018-10-31,18.35,18.35,17.9,18.49,246,EUR
2018-11-01,17.62,17.62,17.62,17.62,351,EUR
2018-11-02,18.3,19.37,18.3,19.18,1662,EUR
2018-11-05,19.31,19.31,19.31,19.31,1301,EUR
2018-11-06,19.69,19.69,19.69,19.69,9,EUR
2018-11-07,20.39,20.39,20.39,20.77,15,EUR
2018-11-08,21.75,21.75,21.75,21.75,1,EUR
2018-11-09,21.65,21.65,21.65,21.65,350,EUR
2018-11-12,22.79,22.79,22.79,22.7,532,EUR
2018-11-13,22.26,22.26,22.26,22.26,1,EUR
2018-11-14,21.87,21.87,21.87,21.78,4,EUR
2018-11-15,21.13,21.13,21.13,21.13,21,EUR
2018-11-16,21.92,21.92,21.92,21.31,1242,EUR
2018-11-19,21.08,21.08,21.08,21.08,7,EUR
2018-11-20,21.62,21.62,21.62,21.62,1,EUR
2018-11-21,21.9,22.35,21.9,22.69,533,EUR
2018-11-22,23.14,23.14,23.14,23.14,991,EUR
2018-11-23,23.32,23.32,23.32,22.4,1,EUR
2018-11-26,22.02,22.02,22.02,22.02,700,EUR
2018-11-27,21.82,21.82,21.82,21.82,41,EUR
2018-11-28,21.5,21.5,21.5,21.5,26,EUR
2018-11-29,22.23,22.23,22.23,22.23,280,EUR
2018-11-30,22.7,22.7,22.7,22.7,120,EUR
2018-12-03,22.85,22.85,22.85,22.85,500,EUR
2018-12-04,22.85,22.9,22.74,22.99,150,EUR
2018-12-05,22.83,22.83,22.25,22.03,1434,EUR
2018-12-06,22.36,22.36,22.36,22.36,5,EUR
2018-12-07,22.6,22.6,22.6,22.6,70,EUR
2018-12-10,23.22,23.22,23.22,23.22,150,EUR
2018-12-11,22.52,22.52,22.52,22.52,209,EUR
2018-12-12,23.81,23.81,23.81,23.81,864,EUR
2018-12-13,24.65,24.65,24.65,24.65,45,EUR
2018-12-14,25.0,25.5,25.0,25.76,2,EUR
2018-12-17,26.69,26.69,26.69,26.69,2031,EUR
2018-12-18,26.45,26.45,26.45,26.42,3,EUR
2018-12-19,27.03,27.03,26.76,26.67,455,EUR
2018-12-20,26.53,26.53,26.53,26.53,105,EUR
2018-12-21,26.97,26.97,26.97,26.97,30,EUR
2018-12-24,27.39,27.41,27.39,27.25,45,EUR
2018-12-27,26.93,26.93,26.93,27.08,2,EUR
2018-12-28,27.02,27.02,27.02,27.02,23,EUR
2018-12-31,27.06,27.06,27.06,27.06,7,EUR
2019-01-02,27.37,27.37,27.37,27.37,212,EUR
2019-01-03,25.28,25.28,25.28,25.28,85,EUR
2019-01-04,25.45,25.77,25.41,25.66,75,EUR
2019-01-07,24.23,24.23,24.22,24.22,3384,EUR
2019-01-08,24.78,24.78,24.78,24.78,15,EUR
2019-01-09,24.88,24.88,24.07,23.93,162,EUR
2019-01-10,23.95,23.95,23.95,23.96,762,EUR
2019-01-11,24.69,24.69,24.51,24.52,37,EUR
2019-01-14,24.33,24.33,24.33,24.33,870,EUR
2019-01-15,24.32,24.32,24.32,24.4,34,EUR
2019-01-16,24.83,24.83,24.83,25.18,21,EUR
2019-01-17,25.63,25.63,25.6,25.39,4635,EUR
2019-01-18,26.63,26.63,26.63,26.63,1427,EUR
2019-01-21,26.28,26.28,26.28,26.25,27,EUR
2019-01-22,26.58,26.58,26.56,26.94,64,EUR
2019-01-23,26.47,26.47,26.47,26.47,1,EUR
2019-01-24,26.2,26.6,26.07,25.85,709,EUR
2019-01-25,25.4,25.62,25.28,25.68,96,EUR
2019-01-28,25.06,25.09,25.0,24.5,46,EUR
2019-01-29,24.45,24.74,24.45,25.08,240,EUR
2019-01-30,24.85,24.85,24.52,24.72,876,EUR
2019-01-31,24.45,24.45,24.45,23.9,10,EUR
2019-02-01,23.55,23.55,23.55,23.55,1455,EUR
2019-02-04,23.08,23.28,23.08,24.63,12,EUR
2019-02-05,24.74,24.74,24.74,24.74,105,EUR
2019-02-06,25.24,25.24,25.24,25.24,83,EUR
2019-02-07,24.88,25.05,24.88,25.02,8,EUR
2019-02-08,23.91,23.91,23.91,23.91,416,EUR
2019-02-11,23.97,23.97,23.97,23.97,10,EUR
2019-02-12,22.3,22.3,22.3,22.25,5,EUR
2019-02-13,21.86,21.86,21.74,22.51,199,EUR
2019-02-14,22.6,22.6,22.6,21.37,703,EUR
2019-02-15,22.04,22.04,22.04,22.04,200,EUR
2019-02-18,21.6,21.6,21.6,21.6,100,EUR
2019-02-19,22.2,22.2,22.2,21.81,604,EUR
2019-02-20,22.0,22.0,21.84,22.04,60,EUR
2019-02-21,20.32,20.32,20.32,20.32,657,EUR
2019-02-22,20.23,20.37,20.23,20.43,885,EUR
2019-02-25,20.63,20.76,20.55,20.65,1135,EUR
2019-02-26,21.08,21.08,21.08,21.08,100,EUR
2019-02-27,22.7,22.7,22.7,22.7,100,EUR
2019-02-28,23.13,23.13,23.13,23.13,356,EUR
2019-03-01,23.73,23.73,23.73,23.73,1,EUR
2019-03-04,24.6,24.6,24.6,24.6,291,EUR
2019-03-05,24.5,24.5,24.3,24.42,24,EUR
2019-03-06,24.33,24.37,24.22,23.6,131,EUR
2019-03-07,23.75,23.75,23.75,24.76,101,EUR
2019-03-08,24.97,24.97,24.3,24.52,39,EUR
2019-03-11,23.8,23.8,23.7,23.78,260,EUR
2019-03-12,23.8,23.8,23.8,23.8,1000,EUR
2019-03-13,23.48,23.69,23.46,23.72,332,EUR
2019-03-14,24.2,24.2,24.2,24.2,1,EUR
2019-03-15,24.28,24.28,24.28,23.92,5,EUR
2019-03-18,23.22,23.22,23.22,23.22,15,EUR
2019-03-19,22.53,22.53,22.53,22.53,118,EUR
2019-03-20,22.45,23.15,22.45,23.02,172,EUR
2019-03-21,22.95,22.95,22.27,22.28,156,EUR
2019-03-22,22.07,22.19,21.92,21.99,101,EUR
2019-03-25,21.95,21.95,21.95,22.23,5,EUR
2019-03-26,22.84,22.84,22.84,22.84,200,EUR
2019-03-27,23.05,23.34,22.98,23.15,347,EUR
2019-03-28,23.63,23.63,23.63,23.55,240,EUR
2019-03-29,22.88,22.88,22.88,22.82,300,EUR
2019-04-01,22.46,22.91,22.46,23.16,62,EUR
2019-04-02,23.25,23.25,23.25,23.25,382,EUR
2019-04-03,23.99,24.15,23.99,24.45,477,EUR
2019-04-04,25.51,25.51,25.51,25.72,650,EUR
2019-04-05,25.6,25.6,25.6,25.9,205,EUR
2019-04-08,25.99,25.99,25.99,25.58,99,EUR
2019-04-09,26.87,26.87,26.87,26.84,448,EUR
2019-04-10,27.51,27.63,27.51,27.41,3162,EUR
2019-04-11,27.84,27.84,27.84,28.58,1650,EUR
2019-04-12,28.11,28.11,27.63,27.82,4,EUR
2019-04-15,28.33,28.36,28.25,28.05,602,EUR
2019-04-16,27.84,28.11,27.84,28.25,574,EUR
2019-04-17,28.71,28.71,28.71,28.71,400,EUR
2019-04-18,28.14,28.14,28.14,28.14,719,EUR
2019-04-23,28.8,28.8,28.8,28.8,1000,EUR
2019-04-24,28.66,28.66,28.66,28.66,1000,EUR
2019-04-25,28.54,28.54,28.54,28.54,55,EUR
2019-04-26,27.09,27.09,27.09,27.09,432,EUR
2019-04-29,27.55,27.55,27.55,27.55,31,EUR
2019-04-30,27.11,27.53,27.11,27.43,45,EUR
2019-05-01,26.89,26.89,26.89,26.89,5,EUR
2019-05-02,25.83,25.83,25.83,25.79,1476,EUR
2019-05-03,25.69,26.1,25.69,26.29,479,EUR
2019-05-06,26.42,26.42,26.42,26.42,0,EUR
2019-05-07,26.8,26.8,26.8,27.47,20,EUR
2019-05-08,27.65,27.65,27.58,27.99,76,EUR
2019-05-09,27.57,27.57,27.57,27.57,90,EUR
2019-05-10,27.12,27.15,27.12,26.62,510,EUR
2019-05-13,26.6,26.6,26.6,26.03,32,EUR
2019-05-14,26.87,26.87,26.87,26.87,537,EUR
2019-05-15,26.96,26.96,26.96,26.96,440,EUR
2019-05-16,26.56,26.56,26.56,26.56,121,EUR
2019-05-17,26.53,26.54,26.53,25.96,5,EUR
2019-05-20,26.16,26.16,26.16,26.16,48,EUR
2019-05-21,26.18,26.18,26.18,26.35,415,EUR
2019-05-22,27.34,27.34,27.34,27.34,100,EUR
2019-05-23,27.08,27.08,27.08,27.03,1,EUR
2019-05-24,26.62,26.62,26.6,26.44,100,EUR
2019-05-27,26.02,26.64,26.02,26.61,42,EUR
2019-05-28,26.58,26.65,26.2,26.46,252,EUR
2019-05-29,26.55,26.94,26.55,26.51,20,EUR
2019-05-30,26.5,26.5,26.4,26.28,15,EUR
2019-05-31,25.68,25.68,25.68,25.45,5,EUR
2019-06-03,25.1,25.37,24.98,24.74,624,EUR
2019-06-04,25.24,25.63,25.22,25.58,2563,EUR
2019-06-05,25.28,25.28,25.28,25.28,10,EUR
2019-06-06,25.4,25.4,25.4,25.09,391,EUR
2019-06-07,25.7,25.7,25.7,25.66,34,EUR
2019-06-10,26.36,26.36,26.36,26.36,40,EUR
2019-06-11,26.11,26.11,26.11,26.11,6,EUR
2019-06-12,25.87,25.87,25.86,25.92,6,EUR
2019-06-13,26.09,26.09,26.09,26.05,150,EUR
2019-06-14,26.15,26.15,26.15,26.15,719,EUR
2019-06-17,26.15,26.19,26.06,26.12,273,EUR
2019-06-18,26.07,26.41,26.06,26.22,189,EUR
2019-06-19,26.42,26.42,26.39,26.07,1305,EUR
2019-06-20,25.99,25.99,25.99,26.2,16,EUR
2019-06-21,26.17,26.17,26.13,26.42,576,EUR
2019-06-24,26.71,27.26,26.71,27.53,1033,EUR
2019-06-25,27.92,27.92,27.4,27.64,495,EUR
2019-06-26,28.37,28.65,28.37,28.65,239,EUR
2019-06-27,28.64,28.64,28.37,28.15,34,EUR
2019-06-28,27.5,27.5,27.5,27.5,80,EUR
2019-07-01,28.1,28.16,28.1,28.17,248,EUR
2019-07-02,28.44,28.44,28.44,27.98,105,EUR
2019-07-03,27.91,27.91,27.74,27.78,334,EUR
2019-07-04,27.84,27.86,27.26,27.28,423,EUR
2019-07-05,27.2,27.59,27.1,27.67,1196,EUR
2019-07-08,28.22,28.22,28.15,28.16,55,EUR
2019-07-09,28.08,28.32,27.97,27.9,591,EUR
2019-07-10,28.46,28.85,28.45,29.65,848,EUR
2019-07-11,29.54,29.54,29.52,29.71,751,EUR
2019-07-12,29.67,29.94,29.67,30.26,20,EUR
2019-07-15,30.66,31.02,30.55,30.56,659,EUR
2019-07-16,30.88,30.88,30.64,29.98,9,EUR
2019-07-17,30.07,30.07,29.97,29.98,387,EUR
2019-07-18,29.28,29.28,29.28,29.28,80,EUR
2019-07-19,29.47,29.82,29.47,30.38,100,EUR
2019-07-22,30.6,30.68,30.15,30.5,180,EUR
2019-07-23,30.49,30.49,30.49,31.33,4,EUR
2019-07-24,30.7,30.7,30.7,30.7,272,EUR
2019-07-25,30.7,31.22,30.7,30.51,862,EUR
2019-07-26,29.75,29.75,29.75,29.75,5,EUR
2019-07-29,29.85,29.85,29.85,29.85,30,EUR
2019-07-30,29.5,29.62,29.44,29.29,215,EUR
2019-07-31,29.63,29.63,29.63,29.38,13,EUR
2019-08-01,29.46,30.5,29.46,30.83,106,EUR
2019-08-02,30.73,30.73,30.43,30.61,250,EUR
2019-08-05,30.04,30.04,30.04,30.04,505,EUR
2019-08-06,30.05,30.05,30.05,29.7,403,EUR
2019-08-07,29.64,30.15,29.55,29.56,700,EUR
2019-08-08,29.42,29.42,29.42,29.78,10,EUR
2019-08-09,29.36,29.36,29.36,29.36,600,EUR
2019-08-12,29.34,29.34,28.0,27.91,554,EUR
2019-08-13,28.05,28.2,28.05,28.3,11,EUR
2019-08-14,27.9,27.9,27.8,28.12,32,EUR
2019-08-15,27.6,27.6,27.3,27.2,880,EUR
2019-08-16,27.47,27.56,27.36,27.15,57,EUR
2019-08-19,27.73,27.73,27.73,27.73,1,EUR
2019-08-20,27.91,27.91,27.91,27.42,30,EUR
2019-08-21,27.36,27.36,27.36,27.17,23,EUR
2019-08-22,27.0,27.0,27.0,26.81,3,EUR
2019-08-23,26.61,26.61,25.92,26.24,12,EUR
2019-08-26,26.97,26.97,26.97,26.97,523,EUR
2019-08-27,26.53,26.53,26.53,26.53,5,EUR
2019-08-28,26.71,26.86,26.71,27.11,146,EUR
2019-08-29,27.6,27.6,27.6,27.55,1,EUR
2019-08-30,27.37,27.37,27.37,27.37,260,EUR
2019-09-02,26.94,26.94,26.14,26.22,20,EUR
2019-09-03,26.0,26.0,26.0,26.21,432,EUR
2019-09-04,26.47,26.47,26.47,26.47,2102,EUR
2019-09-05,26.73,26.73,26.26,26.48,269,EUR
2019-09-06,26.43,26.43,25.9,26.05,45,EUR
2019-09-09,26.16,26.16,25.95,25.97,259,EUR
2019-09-10,26.28,26.71,26.28,27.69,690,EUR
2019-09-11,27.59,28.34,27.19,27.27,389,EUR
2019-09-12,27.76,27.79,27.62,27.42,642,EUR
2019-09-13,27.44,27.68,27.22,27.38,280,EUR
2019-09-16,27.92,28.1,27.63,28.07,413,EUR
2019-09-17,27.79,27.85,27.7,27.24,75,EUR
2019-09-18,26.61,26.75,26.34,26.47,270,EUR
2019-09-19,26.4,26.88,26.31,26.98,556,EUR
2019-09-20,27.3,27.69,27.3,27.59,22,EUR
2019-09-23,27.01,27.01,26.73,26.84,128,EUR
2019-09-24,26.68,26.88,26.67,26.58,304,EUR
2019-09-25,26.38,26.4,26.17,26.26,61,EUR
2019-09-26,26.61,26.61,26.29,26.69,50,EUR
2019-09-27,26.59,26.59,26.25,26.34,11,EUR
2019-09-30,26.14,26.17,25.78,25.76,191,EUR
2019-10-01,25.51,26.11,25.51,26.05,658,EUR
2019-10-02,25.73,25.81,25.62,25.2,2513,EUR
2019-10-03,24.98,24.98,24.1,24.17,244,EUR
2019-10-04,24.24,24.5,24.2,23.91,248,EUR
2019-10-07,23.83,24.28,23.83,24.35,277,EUR
2019-10-08,24.4,24.47,23.96,23.5,354,EUR
2019-10-09,23.1,23.6,23.1,23.6,166,EUR
2019-10-10,23.68,23.81,23.58,24.18,997,EUR
2019-10-11,24.75,24.84,24.75,25.36,32,EUR
2019-10-14,24.82,24.82,24.82,25.06,1,EUR
2019-10-15,25.5,25.65,25.3,26.64,125,EUR
2019-10-16,26.59,26.71,26.25,27.23,453,EUR
2019-10-17,26.7,26.7,26.6,27.0,1018,EUR
2019-10-18,26.55,26.98,26.5,26.8,1072,EUR
2019-10-21,26.83,26.83,26.83,26.83,482,EUR
2019-10-22,26.6,26.6,26.56,26.52,1416,EUR
2019-10-23,26.0,26.17,25.93,25.59,163,EUR
2019-10-24,25.55,25.98,25.55,26.28,57,EUR
2019-10-25,25.92,25.92,25.92,25.8,12,EUR
2019-10-28,25.66,25.91,25.56,25.93,41,EUR
2019-10-29,26.19,26.45,26.18,26.25,67,EUR
2019-10-30,26.31,26.63,26.31,26.76,28,EUR
2019-10-31,26.74,26.74,26.44,26.35,878,EUR
2019-11-01,26.64,26.64,26.64,26.02,20,EUR
2019-11-04,25.81,25.88,25.71,26.37,92,EUR
2019-11-05,26.67,26.67,26.64,26.24,224,EUR
2019-11-06,25.87,26.06,25.87,25.52,159,EUR
2019-11-07,25.7,25.7,25.7,25.65,1,EUR
2019-11-08,25.35,25.78,25.35,25.56,70,EUR
2019-11-11,25.85,25.89,25.82,25.65,1128,EUR
2019-11-12,25.76,25.76,24.57,24.83,351,EUR
2019-11-13,24.85,25.06,24.8,25.1,145,EUR
2019-11-14,24.7,24.73,24.7,24.67,20,EUR
2019-11-15,24.17,24.4,24.17,24.57,75,EUR
2019-11-18,24.18,24.19,24.15,24.13,24,EUR
2019-11-19,24.18,24.58,24.18,24.17,29,EUR
2019-11-20,24.08,24.4,24.08,24.75,76,EUR
2019-11-21,24.68,24.84,24.68,24.66,29,EUR
2019-11-22,25.31,25.31,25.31,25.31,4115,EUR
2019-11-25,25.02,25.2,25.02,25.16,195,EUR
2019-11-26,25.0,25.17,24.93,25.11,220,EUR
2019-11-27,25.53,25.75,25.53,25.84,44,EUR
2019-11-28,25.72,25.82,25.6,25.73,26,EUR
2019-11-29,25.85,25.88,25.73,25.94,302,EUR
2019-12-02,25.7,25.7,25.16,25.06,52,EUR
2019-12-03,25.23,25.23,24.9,24.74,165,EUR
2019-12-04,24.58,25.53,24.58,25.48,16,EUR
2019-12-05,25.42,25.49,25.14,25.43,293,EUR
2019-12-06,25.39,25.7,25.35,25.68,282,EUR
2019-12-09,25.33,25.96,25.19,25.87,65,EUR
2019-12-10,25.69,25.74,25.69,25.68,325,EUR
2019-12-11,25.83,25.83,25.36,25.19,322,EUR
2019-12-12,25.43,25.87,25.27,25.79,40,EUR
2019-12-13,26.23,26.23,25.0,24.71,48,EUR
2019-12-16,24.74,25.31,24.74,25.52,54,EUR
2019-12-17,26.09,26.09,26.09,26.61,29,EUR
2019-12-18,26.64,26.64,26.64,27.13,2,EUR
2019-12-19,27.17,27.4,27.15,27.38,327,EUR
2019-12-20,26.57,27.04,26.57,27.21,20,EUR
2019-12-23,27.55,27.59,27.55,27.08,25,EUR
2019-12-24,26.62,26.62,26.62,26.62,250,EUR
2019-12-26,26.62,26.62,26.62,26.62,0,EUR
2019-12-27,27.25,27.25,27.25,27.25,35,EUR
2019-12-30,26.77,26.77,25.75,25.63,139,EUR
2019-12-31,25.67,25.67,25.67,25.18,4,EUR
2020-01-02,24.9,24.9,24.9,24.9,541,EUR
2020-01-03,25.34,25.37,25.34,25.5,10,EUR
2020-01-06,24.95,24.96,24.7,24.74,17,EUR
2020-01-07,24.59,24.85,24.59,25.06,24,EUR
2020-01-08,24.88,24.88,24.57,24.6,514,EUR
2020-01-09,24.84,25.2,24.84,25.2,123,EUR
2020-01-10,24.82,24.82,24.71,24.73,57,EUR
2020-01-13,24.55,24.73,24.55,24.66,109,EUR
2020-01-14,24.28,24.33,24.2,24.37,61,EUR
2020-01-15,24.95,25.08,24.82,25.04,1203,EUR
2020-01-16,25.44,25.44,25.12,25.37,120,EUR
2020-01-17,25.46,25.81,25.46,25.97,54,EUR
2020-01-20,25.81,26.1,25.7,25.7,567,EUR
2020-01-21,25.55,25.95,25.42,25.45,149,EUR
2020-01-22,25.82,26.08,25.52,25.55,194,EUR
2020-01-23,25.34,25.34,24.88,25.21,2475,EUR
2020-01-24,25.33,25.33,24.8,24.87,456,EUR
2020-01-27,24.7,24.88,24.6,25.05,77,EUR
2020-01-28,25.05,25.05,25.05,25.1,10,EUR
2020-01-29,24.88,24.88,24.44,24.43,556,EUR
2020-01-30,24.3,24.34,23.9,24.17,4248,EUR
2020-01-31,24.13,24.13,23.95,24.31,2090,EUR
2020-02-03,24.15,24.15,23.42,23.63,293,EUR
2020-02-04,23.69,23.87,23.35,23.78,1488,EUR
2020-02-05,23.49,24.26,23.49,24.19,662,EUR
2020-02-06,24.0,24.0,23.63,23.98,75,EUR
2020-02-07,23.83,24.01,23.7,23.75,515,EUR
2020-02-10,23.71,23.71,23.39,23.58,114,EUR
2020-02-11,23.72,24.03,23.59,23.74,54,EUR
2020-02-12,24.0,24.22,24.0,24.31,84,EUR
2020-02-13,24.23,24.84,24.13,24.82,156,EUR
2020-02-14,25.02,25.02,24.62,24.71,205,EUR
2020-02-17,24.64,25.23,24.64,25.47,87,EUR
2020-02-18,25.32,25.64,25.25,25.56,362,EUR
2020-02-19,25.71,25.91,25.5,26.13,117,EUR
2020-02-20,26.0,26.11,25.96,26.06,128,EUR
2020-02-21,25.89,25.94,25.85,26.03,525,EUR
2020-02-24,25.51,25.51,24.87,25.0,260,EUR
2020-02-25,24.99,25.0,24.62,24.62,132,EUR
2020-02-26,24.5,24.76,24.21,24.69,243,EUR
2020-02-27,24.35,24.37,23.94,24.02,443,EUR
2020-02-28,23.61,24.01,23.61,24.02,456,EUR
2020-03-02,24.42,24.51,23.82,23.93,1623,EUR
2020-03-03,23.82,24.14,23.71,23.77,281,EUR
2020-03-04,23.74,24.37,23.74,24.24,3458,EUR
2020-03-05,24.28,24.28,24.28,24.21,199,EUR
2020-03-06,23.91,24.0,23.85,23.83,304,EUR
2020-03-09,23.57,23.57,22.9,23.68,2457,EUR
2020-03-10,23.75,24.39,23.75,24.5,116,EUR
2020-03-11,24.35,24.35,24.0,24.34,310,EUR
2020-03-12,24.23,24.23,22.95,22.96,589,EUR
2020-03-13,23.34,23.34,22.4,22.38,42,EUR
2020-03-16,22.0,22.0,19.67,19.98,430,EUR
2020-03-17,20.4,20.4,18.74,19.05,6940,EUR
2020-03-18,18.12,18.12,16.01,16.12,6831,EUR
2020-03-19,16.9,17.4,16.23,17.19,2979,EUR
2020-03-20,17.42,17.69,16.81,16.84,2686,EUR
2020-03-23,15.6,16.38,15.15,16.28,1168,EUR
2020-03-24,16.91,17.85,16.7,17.5,8749,EUR
2020-03-25,17.6,18.29,16.87,18.21,1077,EUR
2020-03-26,17.52,18.29,17.31,18.06,318,EUR
2020-03-27,17.38,17.57,17.09,17.11,527,EUR
2020-03-30,17.22,18.0,17.22,17.78,144,EUR
2020-03-31,18.21,18.7,18.17,18.42,140,EUR
2020-04-01,17.95,17.96,17.66,17.84,169,EUR
2020-04-02,18.28,18.68,18.0,18.82,189,EUR
2020-04-03,18.9,19.12,18.78,18.73,70,EUR
2020-04-06,19.2,21.11,19.2,21.17,422,EUR
2020-04-07,21.67,22.45,21.21,21.3,631,EUR
2020-04-08,21.3,21.91,20.87,21.93,261,EUR
2020-04-09,22.22,22.49,21.82,21.86,156,EUR
2020-04-14,21.22,21.33,20.53,20.57,351,EUR
2020-04-15,20.34,20.45,19.74,20.02,2798,EUR
2020-04-16,20.45,21.86,20.45,21.69,1194,EUR
2020-04-17,23.0,23.0,22.11,22.48,188,EUR
2020-04-20,22.2,22.28,21.84,22.15,354,EUR
2020-04-21,21.41,21.48,20.68,20.64,739,EUR
2020-04-22,20.41,22.03,20.28,21.45,4091,EUR
2020-04-23,21.23,21.85,21.23,21.82,536,EUR
2020-04-24,21.5,21.91,21.38,21.53,100,EUR
2020-04-27,21.74,21.74,20.75,21.09,155,EUR
2020-04-28,20.93,21.5,20.82,21.04,880,EUR
2020-04-29,21.29,21.4,20.86,21.0,1168,EUR
2020-04-30,21.22,21.22,20.09,20.39,470,EUR
2020-05-01,19.9,19.98,19.85,19.8,693,EUR
2020-05-04,19.81,20.11,19.61,20.18,134,EUR
2020-05-05,20.4,20.5,19.7,19.92,310,EUR
2020-05-06,19.71,20.0,19.59,19.83,1446,EUR
2020-05-07,19.7,20.4,19.7,20.35,720,EUR
2020-05-08,20.44,20.45,20.02,20.17,82,EUR
2020-05-11,19.88,19.94,19.74,19.86,1070,EUR
2020-05-12,19.63,19.88,19.3,19.31,619,EUR
2020-05-13,19.28,19.59,19.2,19.46,333,EUR
2020-05-14,19.28,19.64,19.26,19.62,127,EUR
2020-05-15,20.0,20.0,19.85,19.96,1124,EUR
2020-05-18,20.3,21.16,20.2,21.14,1745,EUR
2020-05-19,21.0,21.1,20.75,20.76,4535,EUR
2020-05-20,20.99,22.07,20.98,22.06,688,EUR
2020-05-21,22.27,22.27,21.93,21.97,118,EUR
2020-05-22,21.65,22.17,21.39,22.19,1192,EUR
2020-05-25,22.24,22.39,22.08,22.38,72,EUR
2020-05-26,22.36,22.95,22.21,22.4,1843,EUR
2020-05-27,22.23,22.23,22.05,22.13,2074,EUR
2020-05-28,22.01,22.06,21.7,22.04,863,EUR
2020-05-29,22.24,22.6,22.13,22.18,492,EUR
2020-06-01,22.07,22.07,21.74,21.75,98,EUR
2020-06-02,22.06,22.86,22.06,22.84,1181,EUR
2020-06-03,22.82,22.82,22.46,22.85,578,EUR
2020-06-04,22.72,22.87,22.59,22.98,159,EUR
2020-06-05,22.94,23.91,22.8,24.02,497,EUR
2020-06-08,23.52,23.63,23.47,23.48,168,EUR
2020-06-09,23.32,23.37,23.11,23.24,485,EUR
2020-06-10,23.06,23.23,23.02,23.68,162,EUR
2020-06-11,23.14,23.15,23.02,23.04,111,EUR
2020-06-12,22.9,22.9,22.66,22.78,219,EUR
2020-06-15,22.44,22.95,22.43,22.93,353,EUR
2020-06-16,23.49,24.0,23.49,23.55,190,EUR
2020-06-17,23.61,23.66,23.23,23.52,377,EUR
2020-06-18,23.54,25.13,23.5,25.23,531,EUR
2020-06-19,25.04,25.3,24.83,24.92,89,EUR
2020-06-22,24.56,25.34,24.56,25.28,951,EUR
2020-06-23,25.29,26.2,25.28,26.15,1445,EUR
2020-06-24,25.8,26.42,25.55,26.14,320,EUR
2020-06-25,25.9,26.08,25.58,25.92,1221,EUR
2020-06-26,25.98,26.12,25.66,25.46,642,EUR
2020-06-29,25.59,27.17,25.5,27.35,421,EUR
2020-06-30,27.15,27.9,26.89,27.68,909,EUR
2020-07-01,27.55,28.8,27.47,28.42,416,EUR
2020-07-02,28.05,28.57,28.03,28.09,1276,EUR
2020-07-03,27.6,28.63,27.57,28.64,474,EUR
2020-07-06,29.45,30.32,29.45,30.43,143,EUR
2020-07-07,30.25,30.52,30.0,30.12,201,EUR
2020-07-08,29.5,29.56,29.05,30.06,632,EUR
2020-07-09,30.03,30.03,29.16,29.37,309,EUR
2020-07-10,28.96,29.01,28.61,29.78,147,EUR
2020-07-13,30.11,31.35,29.99,30.14,1794,EUR
2020-07-14,30.2,30.45,29.7,30.46,561,EUR
2020-07-15,30.92,31.24,29.84,29.7,680,EUR
2020-07-16,29.75,30.2,27.8,27.67,5687,EUR
2020-07-17,28.12,28.59,27.74,28.76,570,EUR
2020-07-20,27.8,27.96,26.89,27.1,781,EUR
2020-07-21,27.85,27.85,26.93,27.51,3992,EUR
2020-07-22,27.15,27.66,26.8,27.53,3854,EUR
2020-07-23,27.65,28.26,27.47,28.23,123,EUR
2020-07-24,27.78,27.79,27.12,27.27,2491,EUR
2020-07-27,27.0,27.0,25.8,25.91,2012,EUR
2020-07-28,26.33,26.63,25.95,26.67,1489,EUR
2020-07-29,26.75,27.26,26.7,27.13,563,EUR
2020-07-30,26.96,26.96,26.09,26.48,613,EUR
2020-07-31,26.78,27.69,26.77,27.22,3410,EUR
2020-08-03,27.45,27.45,26.5,27.08,372,EUR
2020-08-04,27.27,27.77,27.05,27.75,1902,EUR
2020-08-05,27.64,27.8,27.64,27.69,667,EUR
2020-08-06,27.8,28.27,27.34,27.3,505,EUR
2020-08-07,27.05,27.58,26.89,27.32,665,EUR
2020-08-10,27.96,27.96,27.31,27.6,3240,EUR
2020-08-11,27.96,27.96,27.03,27.08,780,EUR
2020-08-12,26.65,26.93,26.49,26.87,218,EUR
2020-08-13,26.86,27.05,26.22,26.3,4521,EUR
2020-08-14,26.32,26.37,25.94,26.36,368,EUR
2020-08-17,26.5,27.23,25.95,27.17,1486,EUR
2020-08-18,27.2,27.66,27.05,27.41,1889,EUR
2020-08-19,27.39,27.6,27.03,27.08,1105,EUR
2020-08-20,27.0,27.1,26.52,26.75,3591,EUR
2020-08-21,26.5,26.51,26.18,26.48,1928,EUR
2020-08-24,27.5,28.13,27.43,28.32,3707,EUR
2020-08-25,28.7,29.57,28.39,29.46,3267,EUR
2020-08-26,29.38,30.01,29.21,29.48,754,EUR
2020-08-27,29.45,29.78,29.0,29.23,1079,EUR
2020-08-28,29.87,30.69,29.82,30.38,864,EUR
2020-08-31,30.43,30.43,29.57,29.53,333,EUR
2020-09-01,29.43,29.43,28.62,28.61,750,EUR
2020-09-02,28.85,29.25,28.55,29.06,743,EUR
2020-09-03,28.9,29.73,28.9,29.53,2125,EUR
2020-09-04,29.28,29.71,28.06,28.13,1455,EUR
2020-09-07,28.27,28.27,27.47,27.81,825,EUR
2020-09-08,28.49,28.58,27.48,27.53,364,EUR
2020-09-09,27.04,27.99,27.04,27.94,1252,EUR
2020-09-10,28.26,28.96,28.12,29.15,1014,EUR
2020-09-11,29.19,29.19,28.27,28.99,233,EUR
2020-09-14,29.35,31.23,29.28,31.2,220,EUR
2020-09-15,31.38,31.4,30.47,30.53,1444,EUR
2020-09-16,30.6,30.75,29.92,30.71,1224,EUR
2020-09-17,30.15,30.23,29.07,29.13,6151,EUR
2020-09-18,29.45,29.47,28.71,28.68,733,EUR
2020-09-21,28.47,28.47,26.95,27.05,5520,EUR
2020-09-22,27.32,27.7,26.49,28.47,655,EUR
2020-09-23,28.42,28.42,27.13,27.12,1293,EUR
2020-09-24,26.9,27.4,26.73,27.4,1470,EUR
2020-09-25,27.3,27.3,26.63,26.75,2397,EUR
2020-09-28,27.0,28.27,26.7,28.28,1715,EUR
2020-09-29,28.01,28.12,27.35,27.36,2381,EUR
2020-09-30,27.18,27.67,27.12,27.5,2971,EUR
2020-10-01,27.66,27.69,26.83,27.07,684,EUR
2020-10-02,26.96,27.95,26.65,27.59,1006,EUR
2020-10-05,27.4,27.74,27.2,27.49,496,EUR
2020-10-06,27.48,27.54,27.0,27.34,561,EUR
2020-10-07,27.16,28.17,27.15,27.44,1490,EUR
2020-10-08,27.49,27.5,26.84,26.88,1552,EUR
2020-10-09,26.91,26.94,26.07,26.24,753,EUR
2020-10-12,26.05,26.4,25.8,26.4,1400,EUR
2020-10-13,26.2,26.2,25.7,25.74,4264,EUR
2020-10-14,25.65,26.38,25.61,26.28,1481,EUR
2020-10-15,25.92,25.93,25.17,25.48,3406,EUR
2020-10-16,25.68,25.9,25.4,25.4,842,EUR
2020-10-19,25.35,25.67,25.17,25.49,1676,EUR
2020-10-20,25.1,25.1,24.75,24.92,603,EUR
2020-10-21,24.9,24.9,23.89,24.06,3765,EUR
2020-10-22,23.8,24.56,23.64,24.68,3020,EUR
2020-10-23,24.98,26.05,24.98,25.98,1101,EUR
2020-10-26,25.37,25.37,24.25,24.35,414,EUR
2020-10-27,24.19,24.75,24.0,24.55,1107,EUR
2020-10-28,24.05,24.05,23.4,23.52,1761,EUR
2020-10-29,23.4,24.5,23.4,24.15,1660,EUR
2020-10-30,23.77,24.62,23.69,24.19,2464,EUR
2020-11-02,24.0,24.17,23.3,24.15,945,EUR
2020-11-03,24.38,25.09,24.38,24.86,1894,EUR
2020-11-04,24.79,25.64,24.35,25.57,1805,EUR
2020-11-05,25.55,26.59,25.43,26.43,602,EUR
2020-11-06,26.08,26.45,25.7,25.85,1284,EUR
2020-11-09,26.47,27.38,25.83,26.97,604,EUR
2020-11-10,26.74,26.94,26.6,26.64,1240,EUR
2020-11-11,26.96,27.42,26.65,26.52,1590,EUR
2020-11-12,26.33,26.48,26.18,26.32,1057,EUR
2020-11-13,26.37,26.92,26.37,26.68,1936,EUR
2020-11-16,27.0,27.8,26.99,27.79,2497,EUR
2020-11-17,27.4,27.49,26.98,27.04,2954,EUR
2020-11-18,28.06,28.2,27.53,27.59,615,EUR
2020-11-19,27.4,27.47,26.75,26.75,625,EUR
2020-11-20,26.7,27.34,26.7,27.15,4532,EUR
2020-11-23,27.66,27.75,27.51,27.67,1620,EUR
2020-11-24,27.49,28.07,27.36,28.04,4071,EUR
2020-11-25,28.05,28.45,27.98,28.04,6910,EUR
2020-11-26,27.9,28.62,27.82,28.54,7637,EUR
2020-11-27,28.78,29.1,28.34,28.59,3844,EUR
2020-11-30,28.58,29.8,28.53,29.6,1416,EUR
2020-12-01,29.69,30.23,29.23,29.33,2823,EUR
2020-12-02,29.46,30.1,29.17,30.01,2365,EUR
2020-12-03,29.8,30.05,29.37,29.46,1115,EUR
2020-12-04,29.41,30.75,29.41,30.57,2619,EUR
2020-12-07,30.31,30.31,29.91,30.07,2645,EUR
2020-12-08,30.04,30.4,30.0,30.02,4099,EUR
2020-12-09,30.48,30.6,30.11,30.16,7212,EUR
2020-12-10,30.11,31.45,30.11,31.36,7880,EUR
2020-12-11,31.3,31.77,30.8,30.98,4806,EUR
2020-12-14,30.83,31.85,30.83,31.27,3819,EUR
2020-12-15,31.57,32.61,31.54,32.43,3101,EUR
2020-12-16,32.54,32.7,31.69,32.03,2302,EUR
2020-12-17,32.14,32.62,31.8,32.21,1289,EUR
2020-12-18,31.95,31.96,31.06,31.36,1553,EUR
2020-12-21,30.86,31.18,29.98,31.14,841,EUR
2020-12-22,30.93,31.56,30.73,31.39,689,EUR
2020-12-23,31.72,32.21,31.61,32.15,427,EUR
2020-12-24,32.31,32.61,32.06,32.41,419,EUR
2020-12-28,32.7,33.61,32.7,33.66,129,EUR
2020-12-29,33.41,33.49,32.94,33.25,363,EUR
2020-12-30,33.45,33.57,32.33,32.42,1276,EUR
2020-12-31,32.88,33.21,32.57,32.94,152,EUR
2021-01-04,33.14,34.45,33.14,33.89,1250,EUR
2021-01-05,33.69,33.83,32.96,33.15,1282,EUR
2021-01-06,33.71,33.88,33.02,33.83,432,EUR
2021-01-07,34.05,35.0,34.05,34.97,1168,EUR
2021-01-08,35.21,35.35,34.55,35.14,1596,EUR
2021-01-11,35.29,35.4,34.46,34.76,1100,EUR
2021-01-12,34.6,35.59,34.44,34.88,1311,EUR
2021-01-13,34.73,34.85,33.33,33.88,1991,EUR
2021-01-14,33.77,33.97,32.99,33.76,1621,EUR
2021-01-15,33.63,33.63,31.89,31.96,1753,EUR
2021-01-18,31.83,32.51,31.56,31.84,1211,EUR
2021-01-19,32.11,33.33,32.06,33.3,1136,EUR
2021-01-20,33.49,33.84,33.02,33.12,703,EUR
2021-01-21,32.89,34.41,32.83,34.32,832,EUR
2021-01-22,34.27,34.45,33.77,34.45,1394,EUR
2021-01-25,34.77,34.84,33.35,33.39,1720,EUR
2021-01-26,33.13,33.74,33.05,33.56,1265,EUR
2021-01-27,33.41,33.67,32.48,33.51,614,EUR
2021-01-28,33.81,34.16,33.15,34.17,1056,EUR
2021-01-29,34.0,34.08,33.16,33.18,1384,EUR
2021-02-01,33.19,33.58,32.85,33.08,618,EUR
2021-02-02,33.29,35.32,33.29,35.19,1044,EUR
2021-02-03,35.15,38.04,35.07,37.65,2589,EUR
2021-02-04,37.76,38.46,36.92,37.49,1377,EUR
2021-02-05,37.6,38.9,37.43,38.43,1075,EUR
2021-02-08,39.39,39.93,38.7,38.84,2096,EUR
2021-02-09,38.39,38.89,37.8,38.49,2047,EUR
2021-02-10,38.41,39.94,37.81,39.56,3233,EUR
2021-02-11,39.5,40.31,38.63,39.0,12716,EUR
2021-02-12,38.61,40.5,37.4,40.28,7623,EUR
2021-02-15,40.18,40.88,39.73,39.81,3764,EUR
2021-02-16,39.85,40.79,39.1,39.13,5752,EUR
2021-02-17,39.25,39.66,38.35,38.4,3988,EUR
2021-02-18,38.88,38.88,38.18,38.61,2297,EUR
2021-02-19,38.37,38.95,37.68,37.7,3889,EUR
2021-02-22,37.73,38.41,36.8,38.26,1029,EUR
2021-02-23,38.51,39.04,37.74,38.97,2291,EUR
2021-02-24,38.75,39.64,38.59,39.45,354,EUR
2021-02-25,39.83,39.83,38.63,38.57,1095,EUR
2021-02-26,38.03,38.39,37.55,37.6,4426,EUR
2021-03-01,38.16,38.43,37.43,37.45,2671,EUR
2021-03-02,37.25,38.73,37.16,38.69,3334,EUR
2021-03-03,38.72,38.75,37.49,37.82,2719,EUR
2021-03-04,37.95,38.73,37.03,38.51,2103,EUR
2021-03-05,38.6,39.45,38.16,39.36,1695,EUR
2021-03-08,39.76,39.76,38.67,39.47,3133,EUR
2021-03-09,39.57,41.1,39.4,40.98,1612,EUR
2021-03-10,40.96,42.12,40.83,41.87,7580,EUR
2021-03-11,42.01,43.02,41.35,42.27,9369,EUR
2021-03-12,42.16,43.22,41.85,43.19,3023,EUR
2021-03-15,42.44,43.65,42.42,42.73,8300,EUR
2021-03-16,42.5,42.94,41.92,41.96,12129,EUR
2021-03-17,42.33,43.4,42.1,43.34,5373,EUR
2021-03-18,43.34,44.07,42.58,42.74,8891,EUR
2021-03-19,42.4,42.64,41.6,42.31,2717,EUR
2021-03-22,42.1,43.35,42.09,43.18,1083,EUR
2021-03-23,43.02,43.11,41.67,41.78,3180,EUR
2021-03-24,41.86,42.03,41.12,41.96,3076,EUR
2021-03-25,41.84,41.95,40.0,40.71,3477,EUR
2021-03-26,40.71,42.17,40.64,42.09,2271,EUR
2021-03-29,41.84,42.64,41.19,42.2,1124,EUR
2021-03-30,41.94,42.83,41.83,42.4,3400,EUR
2021-03-31,42.48,43.1,42.37,42.89,1297,EUR
2021-04-01,42.89,43.16,42.53,42.81,1006,EUR
2021-04-05,42.81,42.81,42.81,42.81,0,EUR
2021-04-06,43.2,44.65,43.13,44.6,2106,EUR
2021-04-07,44.72,44.72,43.9,44.23,1336,EUR
2021-04-08,44.15,44.32,43.7,43.85,1674,EUR
2021-04-09,43.9,44.15,43.54,44.03,1431,EUR
2021-04-12,44.23,44.97,44.07,44.86,3550,EUR
2021-04-13,44.97,45.04,44.15,44.24,2314,EUR
2021-04-14,44.38,44.56,43.86,44.2,2345,EUR
2021-04-15,44.32,44.9,44.27,44.55,1504,EUR
2021-04-16,45.15,45.18,44.77,44.8,2355,EUR
2021-04-19,44.9,45.31,44.29,44.74,2547,EUR
2021-04-20,44.53,45.55,44.42,45.29,1300,EUR
2021-04-21,45.31,46.89,45.3,46.32,2400,EUR
2021-04-22,46.76,47.67,46.66,47.51,2027,EUR
2021-04-23,47.45,47.53,46.53,47.38,2563,EUR
2021-04-26,47.39,48.13,47.39,47.67,1675,EUR
2021-04-27,47.5,48.28,46.84,47.78,1364,EUR
2021-04-28,48.15,48.85,47.81,48.28,7194,EUR
2021-04-29,48.31,48.65,47.65,48.51,2959,EUR
2021-04-30,48.58,49.83,48.2,49.31,7704,EUR
2021-05-03,49.59,50.34,49.59,49.9,704,EUR
2021-05-04,50.09,50.33,48.87,49.06,3352,EUR
2021-05-05,49.32,49.96,49.1,49.91,9528,EUR
2021-05-06,49.96,50.95,49.7,50.41,3737,EUR
2021-05-07,50.58,51.58,49.9,50.93,2972,EUR
2021-05-10,51.5,53.25,51.5,52.72,3137,EUR
2021-05-11,52.38,53.94,51.9,53.55,4216,EUR
2021-05-12,53.86,55.99,53.59,55.85,7587,EUR
2021-05-13,55.36,55.45,53.83,55.04,4289,EUR
2021-05-14,55.37,57.48,55.24,57.23,5711,EUR
2021-05-17,57.02,57.37,56.0,56.97,6408,EUR
2021-05-18,56.45,57.14,53.08,53.74,5360,EUR
2021-05-19,52.92,53.6,49.3,50.35,13596,EUR
2021-05-20,50.65,53.47,50.59,53.41,8413,EUR
2021-05-21,52.75,54.34,51.74,52.43,5655,EUR
2021-05-24,52.2,53.51,51.4,53.41,2558,EUR
2021-05-25,53.81,54.27,52.83,53.83,4137,EUR
2021-05-26,54.13,55.23,53.2,54.22,4369,EUR
2021-05-27,53.59,54.14,51.58,52.39,2109,EUR
2021-05-28,52.23,52.9,50.78,51.58,3106,EUR
2021-05-31,52.38,52.42,51.88,52.24,5885,EUR
2021-06-01,52.77,53.7,52.32,52.97,1193,EUR
2021-06-02,52.52,52.55,51.44,51.94,3927,EUR
2021-06-03,52.85,53.15,50.66,50.73,4661,EUR
2021-06-04,50.61,51.95,49.8,50.47,2282,EUR
2021-06-07,49.83,52.5,49.83,51.97,236,EUR
2021-06-08,52.33,53.1,52.07,52.58,4051,EUR
2021-06-09,53.0,54.6,52.81,53.9,2837,EUR
2021-06-10,53.62,54.33,53.05,54.15,1671,EUR
2021-06-11,53.95,54.2,52.8,53.07,2343,EUR
2021-06-14,53.43,54.36,52.94,53.29,1416,EUR
2021-06-15,53.01,53.01,51.43,51.76,5304,EUR
2021-06-16,51.9,52.7,51.15,51.72,3023,EUR
2021-06-17,51.33,51.75,50.76,51.28,1930,EUR
2021-06-18,51.7,52.41,51.61,52.26,1579,EUR
2021-06-21,52.16,53.31,51.99,52.78,3478,EUR
2021-06-22,53.23,53.81,53.16,53.76,4312,EUR
2021-06-23,53.99,55.2,53.88,55.03,6787,EUR
2021-06-24,54.85,55.73,54.66,55.49,5718,EUR
2021-06-25,55.67,56.16,55.3,55.48,8062,EUR
2021-06-28,55.89,56.31,55.05,55.9,6235,EUR
2021-06-29,55.75,56.57,55.61,56.04,2374,EUR
2021-06-30,55.8,57.03,55.62,56.78,5056,EUR
2021-07-01,57.09,59.0,57.02,58.06,3682,EUR
2021-07-02,58.41,58.77,57.56,57.76,1397,EUR
2021-07-05,58.02,58.69,57.97,58.28,748,EUR
2021-07-06,58.56,58.58,52.68,54.44,3609,EUR
2021-07-07,53.93,55.37,52.9,53.03,2738,EUR
2021-07-08,53.11,53.6,51.32,52.77,3482,EUR
2021-07-09,53.55,54.86,53.3,54.67,3592,EUR
2021-07-12,54.22,54.22,51.95,52.12,2068,EUR
2021-07-13,52.15,53.7,51.7,53.26,2085,EUR
2021-07-14,52.81,55.88,52.05,53.78,2444,EUR
2021-07-15,52.8,53.9,52.3,53.37,2599,EUR
2021-07-16,53.59,53.98,52.74,53.28,3009,EUR
2021-07-19,53.0,54.35,52.4,52.81,3866,EUR
2021-07-20,52.72,52.81,50.87,51.59,2645,EUR
2021-07-21,51.82,52.65,51.3,52.51,5732,EUR
2021-07-22,52.04,52.58,50.46,51.16,4191,EUR
2021-07-23,50.4,51.31,50.37,51.26,5446,EUR
2021-07-26,51.1,53.71,50.96,53.57,1444,EUR
2021-07-27,54.0,54.06,53.2,53.28,2389,EUR
2021-07-28,53.54,54.53,53.54,54.2,1211,EUR
2021-07-29,54.42,54.69,53.51,54.41,1891,EUR
2021-07-30,54.15,54.24,53.2,53.69,1354,EUR
2021-08-02,53.47,55.56,53.46,54.79,2009,EUR
2021-08-03,54.75,55.48,54.42,54.55,1201,EUR
2021-08-04,54.88,55.93,54.55,55.82,1185,EUR
2021-08-05,55.95,56.48,55.05,56.34,1857,EUR
2021-08-06,56.63,57.3,56.54,57.02,1827,EUR
2021-08-09,56.9,57.7,56.25,56.98,2140,EUR
2021-08-10,57.45,57.92,56.96,57.77,1753,EUR
2021-08-11,57.37,58.53,56.34,58.14,2377,EUR
2021-08-12,57.99,58.4,56.3,56.63,1918,EUR
2021-08-13,56.73,56.73,55.58,55.74,1508,EUR
2021-08-16,55.5,58.6,55.46,58.52,922,EUR
2021-08-17,58.28,58.58,57.37,57.56,3408,EUR
2021-08-18,57.42,58.37,55.73,57.45,3123,EUR
2021-08-19,57.3,57.3,52.86,53.84,10114,EUR
2021-08-20,54.03,55.2,53.82,54.72,4127,EUR
2021-08-23,55.53,56.55,55.26,55.67,5652,EUR
2021-08-24,56.08,57.18,55.79,56.97,2988,EUR
2021-08-25,56.98,57.42,56.19,56.87,2412,EUR
2021-08-26,56.65,57.86,55.97,57.19,1316,EUR
2021-08-27,57.84,60.25,57.84,59.32,7804,EUR
2021-08-30,60.31,61.29,60.15,61.08,4293,EUR
2021-08-31,60.56,61.25,60.26,61.07,3085,EUR
2021-09-01,61.14,62.18,60.0,60.42,7521,EUR
2021-09-02,60.62,62.03,59.89,61.83,1922,EUR
2021-09-03,61.69,62.75,61.44,61.63,3369,EUR
2021-09-06,62.48,63.47,62.17,62.61,2315,EUR
2021-09-07,63.03,63.16,61.96,62.28,4398,EUR
2021-09-08,62.71,63.61,62.27,62.74,4765,EUR
2021-09-09,62.55,63.36,62.17,63.04,3450,EUR
2021-09-10,63.13,63.17,60.95,61.22,2936,EUR
2021-09-13,61.23,62.99,61.2,61.37,5212,EUR
2021-09-14,61.8,62.25,59.6,60.16,7051,EUR
2021-09-15,60.51,61.71,59.1,60.18,5099,EUR
2021-09-16,59.61,60.98,58.64,59.63,5509,EUR
2021-09-17,59.93,60.48,59.44,59.82,6711,EUR
2021-09-20,59.59,61.36,58.88,61.02,8917,EUR
2021-09-21,60.95,61.5,60.21,60.5,2425,EUR
2021-09-22,60.64,61.05,60.2,60.94,5537,EUR
2021-09-23,60.96,61.47,59.5,60.89,6069,EUR
2021-09-24,60.85,64.5,60.29,63.29,4836,EUR
2021-09-27,64.25,65.33,64.0,64.72,6047,EUR
2021-09-28,65.75,66.0,62.07,62.29,8298,EUR
2021-09-29,63.46,63.5,61.74,63.28,7266,EUR
2021-09-30,63.27,63.27,60.73,62.16,5408,EUR
2021-10-01,62.25,64.15,61.53,62.45,2891,EUR
2021-10-04,63.27,64.9,62.71,63.82,3327,EUR
2021-10-05,64.25,65.8,64.2,65.16,9909,EUR
2021-10-06,65.16,65.16,59.35,59.58,12716,EUR
2021-10-07,60.18,61.11,58.2,60.81,9851,EUR
2021-10-08,60.49,61.15,58.3,58.76,6560,EUR
2021-10-11,58.67,60.66,58.49,59.58,2329,EUR
2021-10-12,59.52,59.91,58.91,59.34,2998,EUR
2021-10-13,59.42,60.54,58.65,59.45,5215,EUR
2021-10-14,59.79,62.08,59.79,61.79,10062,EUR
2021-10-15,62.16,62.19,58.62,59.79,4216,EUR
2021-10-18,58.93,60.0,57.64,58.92,4487,EUR
2021-10-19,58.26,58.69,54.45,54.92,7933,EUR
2021-10-20,55.48,58.48,55.48,58.14,6446,EUR
2021-10-21,57.8,58.99,56.9,58.37,12639,EUR
2021-10-22,58.51,60.53,58.44,58.64,4743,EUR
2021-10-25,59.51,60.11,58.92,59.35,4843,EUR
2021-10-26,59.68,60.54,59.14,60.16,5472,EUR
2021-10-27,60.0,60.45,59.2,60.27,4636,EUR
2021-10-28,59.73,59.84,58.32,58.94,3455,EUR
2021-10-29,59.3,59.87,58.5,59.08,6869,EUR
2021-11-01,59.41,60.78,57.0,57.29,4697,EUR
2021-11-02,57.7,60.0,57.5,59.79,15248,EUR
2021-11-03,59.86,60.67,59.42,60.15,6882,EUR
2021-11-04,59.76,61.76,59.25,60.18,5613,EUR
2021-11-05,60.23,61.53,59.63,59.73,8225,EUR
2021-11-08,60.27,61.43,60.16,60.96,10605,EUR
2021-11-09,60.35,61.7,60.23,60.75,6804,EUR
2021-11-10,60.45,63.58,60.31,63.48,8934,EUR
2021-11-11,63.12,64.22,62.4,64.02,4902,EUR
2021-11-12,63.98,64.81,63.43,63.58,4855,EUR
2021-11-15,63.94,67.27,63.94,66.22,9545,EUR
2021-11-16,66.8,68.1,66.57,67.83,8169,EUR
2021-11-17,68.15,68.73,67.1,67.45,10939,EUR
2021-11-18,67.57,69.49,66.62,69.38,9093,EUR
2021-11-19,69.47,70.1,68.9,69.65,6419,EUR
2021-11-22,70.09,71.48,69.59,70.22,7508,EUR
2021-11-23,70.3,70.93,69.1,69.49,12722,EUR
2021-11-24,69.93,73.48,69.25,73.23,13299,EUR
2021-11-25,73.58,75.37,72.5,74.79,13114,EUR
2021-11-26,74.38,74.51,70.7,73.12,7142,EUR
2021-11-29,74.2,76.06,74.2,74.54,13076,EUR
2021-11-30,74.12,75.81,73.54,75.73,14831,EUR
2021-12-01,75.95,78.76,75.6,77.2,10847,EUR
2021-12-02,76.51,80.35,76.5,80.25,15677,EUR
2021-12-03,80.41,80.8,78.38,78.64,12640,EUR
2021-12-06,79.14,82.17,78.74,81.65,15708,EUR
2021-12-07,82.3,85.94,82.3,85.34,19735,EUR
2021-12-08,85.64,91.19,85.51,89.41,27837,EUR
2021-12-09,90.25,90.75,80.4,80.88,29012,EUR
2021-12-10,81.08,84.5,80.48,84.37,29305,EUR
2021-12-13,84.8,87.4,82.2,82.72,18392,EUR
2021-12-14,82.32,83.88,78.9,80.12,21055,EUR
2021-12-15,80.35,82.24,80.1,81.19,28374,EUR
2021-12-16,82.18,86.05,81.12,85.71,34657,EUR
2021-12-17,85.25,85.25,73.25,74.02,42720,EUR
2021-12-20,74.0,81.75,73.42,80.09,28039,EUR
2021-12-21,80.52,82.85,78.09,80.94,18013,EUR
2021-12-22,80.07,80.17,75.45,76.83,31501,EUR
2021-12-23,77.5,77.75,74.25,74.46,19471,EUR
2021-12-24,74.7,76.87,74.51,76.31,2384,EUR
2021-12-27,75.87,77.13,75.04,76.92,3632,EUR
2021-12-28,76.8,79.69,76.21,79.29,4613,EUR
2021-12-29,79.13,80.87,78.11,80.36,13842,EUR
2021-12-30,80.5,80.65,79.25,80.16,8538,EUR
2021-12-31,79.98,81.25,79.55,80.65,3690,EUR
2022-01-03,79.8,84.4,79.8,84.01,9978,EUR
2022-01-04,83.95,86.8,83.81,84.91,17529,EUR
2022-01-05,85.9,88.55,85.27,87.58,20641,EUR
2022-01-06,87.47,87.8,85.33,86.74,13390,EUR
2022-01-07,86.8,87.61,85.21,85.42,15833,EUR
2022-01-10,86.12,87.0,79.8,80.09,30945,EUR
2022-01-11,81.4,84.45,80.12,81.3,23494,EUR
2022-01-12,82.7,83.24,79.15,80.01,20174,EUR
2022-01-13,80.2,81.43,77.55,80.56,25056,EUR
2022-01-14,82.05,83.75,81.5,82.08,24949,EUR
2022-01-17,82.7,82.75,79.88,80.58,15802,EUR
2022-01-18,80.4,82.97,79.0,82.67,46231,EUR
2022-01-19,82.8,82.8,80.8,82.09,31779,EUR
2022-01-20,81.34,85.97,80.53,85.59,31229,EUR
2022-01-21,85.21,85.65,83.28,84.47,20159,EUR
2022-01-24,84.4,86.45,83.02,84.02,26649,EUR
2022-01-25,84.3,88.1,83.61,87.45,28175,EUR
2022-01-26,87.37,90.0,86.63,88.66,28002,EUR
2022-01-27,87.9,89.95,87.9,89.76,21715,EUR
2022-01-28,89.4,90.63,88.88,89.22,19657,EUR
2022-01-31,89.37,89.95,88.1,89.24,17720,EUR
2022-02-01,89.74,89.94,87.16,89.52,22349,EUR
2022-02-02,90.0,94.62,89.6,94.21,40361,EUR
2022-02-03,94.25,94.94,93.1,94.81,22092,EUR
2022-02-04,94.89,97.5,94.44,96.45,27888,EUR
2022-02-07,96.62,96.8,93.7,96.7,24298,EUR
2022-02-08,97.0,98.49,95.25,96.93,30319,EUR
2022-02-09,96.29,97.6,90.26,90.79,35633,EUR
2022-02-10,91.45,93.42,89.25,90.78,28871,EUR
2022-02-11,90.5,93.38,88.5,92.87,24984,EUR
2022-02-14,93.7,94.0,89.9,91.76,23371,EUR
2022-02-15,91.48,92.75,90.31,91.14,26149,EUR
2022-02-16,90.29,91.21,87.77,89.86,31053,EUR
2022-02-17,89.84,90.45,85.8,86.44,31592,EUR
2022-02-18,86.16,89.66,86.16,89.47,21366,EUR
2022-02-21,89.07,90.95,88.02,89.68,19946,EUR
2022-02-22,89.9,90.28,88.1,89.77,22306,EUR
2022-02-23,89.79,95.56,89.54,95.07,30152,EUR
2022-02-24,95.0,95.0,86.15,87.03,49737,EUR
2022-02-25,88.24,89.7,87.06,88.14,20866,EUR
2022-02-28,85.94,86.0,80.12,82.21,36024,EUR
2022-03-01,82.6,84.43,66.0,68.85,78655,EUR
2022-03-02,70.55,70.96,55.0,68.49,78462,EUR
2022-03-03,68.7,69.49,63.49,67.35,40643,EUR
2022-03-04,66.0,68.74,64.3,65.1,35931,EUR
2022-03-07,64.29,64.29,56.82,58.3,47751,EUR
2022-03-08,57.4,69.29,56.5,68.51,38498,EUR
2022-03-09,68.02,74.67,67.22,73.18,36120,EUR
2022-03-10,72.53,76.68,69.52,76.41,32703,EUR
2022-03-11,75.93,78.0,73.71,76.76,22267,EUR
2022-03-14,76.0,81.5,75.81,78.28,19365,EUR
2022-03-15,77.0,79.15,75.01,77.43,24733,EUR
2022-03-16,77.51,79.11,75.25,78.16,22569,EUR
2022-03-17,79.18,80.19,76.32,79.89,23816,EUR
2022-03-18,80.0,80.0,78.32,78.89,19035,EUR
2022-03-21,78.72,79.74,77.52,78.39,13937,EUR
2022-03-22,79.05,81.4,78.61,80.67,18472,EUR
2022-03-23,80.9,81.3,75.85,76.6,30569,EUR
2022-03-24,76.62,79.24,75.9,78.24,16432,EUR
2022-03-25,78.26,79.06,77.23,78.6,18496,EUR
2022-03-28,78.7,81.99,77.87,80.81,22015,EUR
2022-03-29,80.9,81.99,80.17,81.7,25576,EUR
2022-03-30,81.05,81.62,76.8,78.31,37766,EUR
2022-03-31,78.51,80.5,75.35,76.48,35658,EUR
2022-04-01,77.0,79.88,76.34,78.49,16907,EUR
2022-04-04,78.22,79.4,77.14,78.5,15607,EUR
2022-04-05,78.76,78.94,77.44,78.05,17897,EUR
2022-04-06,78.01,79.56,76.71,77.18,19737,EUR
2022-04-07,77.17,80.4,76.34,79.94,19504,EUR
2022-04-08,79.63,80.98,79.51,80.09,13930,EUR
2022-04-11,79.75,80.16,77.55,77.95,16219,EUR
2022-04-12,77.65,79.29,76.85,79.01,16031,EUR
2022-04-13,79.17,79.17,77.23,77.44,15193,EUR
2022-04-14,77.38,80.25,77.38,79.97,15284,EUR
2022-04-19,80.14,80.95,79.52,80.2,18375,EUR
2022-04-20,80.44,88.5,79.79,87.82,30563,EUR
2022-04-21,86.5,87.69,85.58,86.44,14749,EUR
2022-04-22,85.99,89.89,85.75,88.99,22329,EUR
2022-04-25,88.09,88.32,82.3,83.46,24044,EUR
2022-04-26,84.58,85.25,81.95,82.71,22845,EUR
2022-04-27,81.25,81.94,78.8,81.01,22303,EUR
2022-04-28,81.48,83.67,79.9,82.68,20232,EUR
2022-04-29,82.97,85.84,82.29,84.45,16070,EUR
2022-05-02,83.59,84.89,82.44,83.08,9736,EUR
2022-05-03,83.3,89.06,82.72,88.45,17674,EUR
2022-05-04,88.21,89.32,85.98,87.94,16571,EUR
2022-05-05,88.7,91.99,86.82,88.99,22108,EUR
2022-05-06,89.63,92.36,88.4,91.78,16289,EUR
2022-05-09,92.0,92.22,86.52,86.88,22323,EUR
2022-05-10,86.72,88.69,85.75,87.52,14952,EUR
2022-05-11,87.52,90.0,82.1,89.2,25567,EUR
2022-05-12,88.83,89.05,86.75,88.16,15030,EUR
2022-05-13,88.07,90.5,87.6,88.48,11943,EUR
2022-05-16,87.63,90.35,87.63,90.24,12020,EUR
2022-05-17,90.37,92.75,89.62,92.24,15295,EUR
2022-05-18,88.75,90.0,82.78,84.65,29687,EUR
2022-05-19,84.38,85.55,80.16,82.97,20653,EUR
2022-05-20,83.5,84.2,80.16,80.37,15775,EUR
2022-05-23,80.16,82.67,77.8,77.82,17170,EUR
2022-05-24,77.9,82.66,77.4,80.84,17018,EUR
2022-05-25,80.93,82.63,80.29,81.5,10400,EUR
2022-05-26,81.11,85.18,81.11,85.12,7763,EUR
2022-05-27,84.9,85.33,83.45,83.98,7778,EUR
2022-05-30,84.36,85.05,83.09,83.2,8652,EUR
2022-05-31,84.0,84.96,83.5,84.01,9982,EUR
2022-06-01,84.22,87.58,83.81,86.42,13226,EUR
2022-06-02,86.15,88.64,85.62,86.21,8333,EUR
2022-06-03,86.34,87.33,85.99,87.09,4565,EUR
2022-06-06,87.21,87.21,81.24,82.11,14178,EUR
2022-06-07,82.07,82.79,80.65,80.9,11973,EUR
2022-06-08,80.72,81.98,79.1,80.24,20296,EUR
2022-06-09,80.3,82.18,79.41,81.09,15418,EUR
2022-06-10,81.09,82.8,80.18,82.8,12572,EUR
2022-06-13,82.03,82.24,79.81,81.85,12836,EUR
2022-06-14,81.79,84.5,81.25,84.03,13944,EUR
2022-06-15,83.26,86.94,83.16,86.35,16552,EUR
2022-06-16,86.01,86.76,82.15,83.0,14807,EUR
