Date,Open,High,Low,Close,Currency
2015-01-01,2.3143,2.3216,2.3143,2.3212,CLP
2015-01-02,2.3171,2.327,2.2868,2.316,CLP
2015-01-05,2.3099,2.3259,2.2827,2.3208,CLP
2015-01-06,2.3155,2.3326,2.2853,2.2927,CLP
2015-01-07,2.2858,2.3011,2.2661,2.2877,CLP
2015-01-08,2.284,2.2954,2.2683,2.2867,CLP
2015-01-09,2.2849,2.3026,2.2723,2.2953,CLP
2015-01-12,2.2921,2.3026,2.2701,2.2971,CLP
2015-01-13,2.2939,2.3044,2.2693,2.2889,CLP
2015-01-14,2.2867,2.3179,2.2647,2.3083,CLP
2015-01-15,2.3043,2.3134,2.2337,2.2511,CLP
2015-01-16,2.2472,2.2793,2.2406,2.2777,CLP
2015-01-19,2.2777,2.2982,2.2614,2.2799,CLP
2015-01-20,2.2751,2.3066,2.2649,2.2957,CLP
2015-01-21,2.2885,2.3358,2.2879,2.313,CLP
2015-01-22,2.3076,2.3232,2.2565,2.272,CLP
2015-01-23,2.2682,2.2835,2.2394,2.2637,CLP
2015-01-26,2.2552,2.2747,2.2455,2.2537,CLP
2015-01-27,2.2473,2.2881,2.2388,2.2806,CLP
2015-01-28,2.2749,2.2828,2.2367,2.2485,CLP
2015-01-29,2.2445,2.2995,2.2365,2.2844,CLP
2015-01-30,2.2789,2.31,2.2765,2.3037,CLP
2015-02-02,2.2947,2.3156,2.2883,2.2997,CLP
2015-02-03,2.2956,2.345,2.2894,2.3253,CLP
2015-02-04,2.3194,2.3331,2.2917,2.3021,CLP
2015-02-05,2.2989,2.346,2.2883,2.3335,CLP
2015-02-06,2.3291,2.3414,2.2956,2.3212,CLP
2015-02-09,2.3171,2.3343,2.2874,2.2954,CLP
2015-02-10,2.2888,2.3014,2.2621,2.2973,CLP
2015-02-11,2.2942,2.3156,2.2754,2.3087,CLP
2015-02-12,2.3024,2.3316,2.2975,2.3184,CLP
2015-02-13,2.3143,2.3287,2.2957,2.3087,CLP
2015-02-16,2.2917,2.3176,2.2867,2.2988,CLP
2015-02-17,2.2962,2.3106,2.2832,2.3022,CLP
2015-02-18,2.2979,2.3132,2.2798,2.3077,CLP
2015-02-19,2.3038,2.325,2.2957,2.3053,CLP
2015-02-20,2.2992,2.3111,2.267,2.2965,CLP
2015-02-23,2.2913,2.3211,2.2736,2.3106,CLP
2015-02-24,2.3048,2.3272,2.2896,2.298,CLP
2015-02-25,2.2957,2.3186,2.2891,2.301,CLP
2015-02-26,2.2974,2.3197,2.2787,2.2928,CLP
2015-02-27,2.2878,2.3043,2.2732,2.2809,CLP
2015-03-02,2.2712,2.2925,2.2547,2.262,CLP
2015-03-03,2.2571,2.272,2.2435,2.2503,CLP
2015-03-04,2.2455,2.2591,2.2232,2.2377,CLP
2015-03-05,2.234,2.2517,2.2225,2.2382,CLP
2015-03-06,2.2336,2.2511,2.2151,2.2225,CLP
2015-03-09,2.2108,2.2447,2.2102,2.2309,CLP
2015-03-10,2.227,2.2329,2.1874,2.2125,CLP
2015-03-11,2.2085,2.2337,2.1945,2.2195,CLP
2015-03-12,2.216,2.2424,2.1978,2.2176,CLP
2015-03-13,2.2137,2.2238,2.1835,2.1974,CLP
2015-03-16,2.1939,2.2426,2.181,2.2324,CLP
2015-03-17,2.2283,2.2474,2.2211,2.2348,CLP
2015-03-18,2.2288,2.3089,2.2239,2.2796,CLP
2015-03-19,2.2728,2.2834,2.2279,2.2492,CLP
2015-03-20,2.2432,2.2676,2.2323,2.2539,CLP
2015-03-23,2.2466,2.2698,2.2336,2.251,CLP
2015-03-24,2.2455,2.2775,2.2368,2.2721,CLP
2015-03-25,2.2681,2.2963,2.2579,2.278,CLP
2015-03-26,2.273,2.2952,2.2497,2.2618,CLP
2015-03-27,2.2581,2.2755,2.2321,2.2605,CLP
2015-03-30,2.2567,2.2882,2.2443,2.2687,CLP
2015-03-31,2.2633,2.2715,2.2235,2.2307,CLP
2015-04-01,2.227,2.2552,2.2156,2.2252,CLP
2015-04-02,2.2183,2.2473,2.2158,2.2323,CLP
2015-04-03,2.2266,2.2738,2.2217,2.2586,CLP
2015-04-06,2.2467,2.262,2.2276,2.234,CLP
2015-04-07,2.2281,2.2418,2.2031,2.2111,CLP
2015-04-08,2.2078,2.2444,2.2013,2.2231,CLP
2015-04-09,2.2194,2.2282,2.1907,2.2013,CLP
2015-04-10,2.1988,2.2256,2.1848,2.2111,CLP
2015-04-13,2.2083,2.225,2.1887,2.1952,CLP
2015-04-14,2.1902,2.2193,2.1861,2.2035,CLP
2015-04-15,2.1992,2.2109,2.1729,2.183,CLP
2015-04-16,2.1792,2.1988,2.1659,2.1765,CLP
2015-04-17,2.1723,2.2054,2.1675,2.1955,CLP
2015-04-20,2.1962,2.2241,2.1773,2.2201,CLP
2015-04-21,2.2168,2.2249,2.2021,2.2141,CLP
2015-04-22,2.2111,2.2283,2.1914,2.2107,CLP
2015-04-23,2.2042,2.2298,2.1864,2.2176,CLP
2015-04-24,2.2125,2.2338,2.1815,2.1967,CLP
2015-04-27,2.1902,2.2265,2.1839,2.2153,CLP
2015-04-28,2.2111,2.2219,2.1897,2.214,CLP
2015-04-29,2.2097,2.2553,2.2,2.2438,CLP
2015-04-30,2.2409,2.2701,2.2239,2.2618,CLP
2015-05-01,2.2569,2.2778,2.243,2.256,CLP
2015-05-04,2.2506,2.2689,2.239,2.2569,CLP
2015-05-05,2.2517,2.2725,2.236,2.247,CLP
2015-05-06,2.2431,2.2794,2.2363,2.2736,CLP
2015-05-07,2.2696,2.2788,2.2512,2.2639,CLP
2015-05-08,2.2602,2.2671,2.2288,2.2415,CLP
2015-05-11,2.2323,2.2429,2.2021,2.2323,CLP
2015-05-12,2.2286,2.2466,2.2017,2.2072,CLP
2015-05-13,2.2051,2.2324,2.192,2.2232,CLP
2015-05-14,2.2184,2.2442,2.2023,2.2134,CLP
2015-05-15,2.2097,2.2347,2.1957,2.2328,CLP
2015-05-18,2.2257,2.2317,2.1854,2.198,CLP
2015-05-19,2.1953,2.2108,2.1845,2.2022,CLP
2015-05-20,2.1986,2.2067,2.1736,2.1825,CLP
2015-05-21,2.1787,2.2046,2.1743,2.1806,CLP
2015-05-22,2.1772,2.2075,2.1667,2.1819,CLP
2015-05-25,2.1757,2.1825,2.1633,2.1795,CLP
2015-05-26,2.1769,2.1822,2.1493,2.1562,CLP
2015-05-27,2.1524,2.1799,2.1506,2.1696,CLP
2015-05-28,2.1651,2.1896,2.1606,2.1812,CLP
2015-05-29,2.1771,2.2037,2.1735,2.1964,CLP
2015-06-01,2.1888,2.2172,2.1701,2.2102,CLP
2015-06-02,2.2063,2.2436,2.1992,2.2238,CLP
2015-06-03,2.2188,2.2698,2.2123,2.2619,CLP
2015-06-04,2.2581,2.2881,2.2517,2.2675,CLP
2015-06-05,2.2646,2.2805,2.2419,2.2676,CLP
2015-06-08,2.2555,2.2788,2.2488,2.2698,CLP
2015-06-09,2.2638,2.2818,2.2428,2.2548,CLP
2015-06-10,2.2527,2.2947,2.2346,2.2892,CLP
2015-06-11,2.2856,2.2914,2.2644,2.2821,CLP
2015-06-12,2.279,2.2905,2.2518,2.2778,CLP
2015-06-15,2.2747,2.295,2.2528,2.2905,CLP
2015-06-16,2.287,2.3028,2.2669,2.294,CLP
2015-06-17,2.2909,2.3144,2.2837,2.3097,CLP
2015-06-18,2.3055,2.3327,2.2756,2.2885,CLP
2015-06-19,2.2848,2.2989,2.2684,2.2935,CLP
2015-06-22,2.291,2.3156,2.2844,2.3055,CLP
2015-06-23,2.3023,2.3056,2.2737,2.2831,CLP
2015-06-24,2.2777,2.3041,2.2662,2.2801,CLP
2015-06-25,2.2778,2.2845,2.2527,2.2645,CLP
2015-06-26,2.2608,2.2846,2.2537,2.2726,CLP
2015-06-29,2.2677,2.2856,2.2131,2.2779,CLP
2015-06-30,2.2735,2.2824,2.2491,2.2595,CLP
2015-07-01,2.2581,2.2757,2.2423,2.2492,CLP
2015-07-02,2.2471,2.2615,2.2279,2.2342,CLP
2015-07-03,2.2304,2.2525,2.2264,2.2498,CLP
2015-07-06,2.2058,2.2528,2.1975,2.2429,CLP
2015-07-07,2.2399,2.2698,2.2215,2.2571,CLP
2015-07-08,2.2553,2.2796,2.2395,2.2717,CLP
2015-07-09,2.2688,2.2861,2.2486,2.2609,CLP
2015-07-10,2.2586,2.3332,2.2525,2.3168,CLP
2015-07-13,2.3006,2.3341,2.2704,2.276,CLP
2015-07-14,2.2738,2.2969,2.261,2.2731,CLP
2015-07-15,2.2706,2.2823,2.2614,2.2743,CLP
2015-07-16,2.2704,2.2806,2.2504,2.2595,CLP
2015-07-17,2.256,2.2746,2.2526,2.2635,CLP
2015-07-20,2.2595,2.2832,2.2521,2.2691,CLP
2015-07-21,2.2654,2.3238,2.2612,2.3136,CLP
2015-07-22,2.3096,2.3294,2.3019,2.3212,CLP
2015-07-23,2.3174,2.3354,2.3058,2.3216,CLP
2015-07-24,2.3179,2.3371,2.3047,2.3287,CLP
2015-07-27,2.3178,2.3984,2.3178,2.3807,CLP
2015-07-28,2.3784,2.3881,2.3514,2.3799,CLP
2015-07-29,2.3756,2.387,2.3604,2.3679,CLP
2015-07-30,2.3642,2.3859,2.3535,2.3794,CLP
2015-07-31,2.3762,2.4192,2.3689,2.4109,CLP
2015-08-03,2.3983,2.4297,2.3959,2.4229,CLP
2015-08-04,2.4173,2.4301,2.3887,2.396,CLP
2015-08-05,2.3924,2.4123,2.3824,2.4017,CLP
2015-08-06,2.3984,2.4101,2.3742,2.3852,CLP
2015-08-07,2.3834,2.4028,2.3552,2.3941,CLP
2015-08-10,2.3855,2.4035,2.3705,2.3827,CLP
2015-08-11,2.379,2.4181,2.3647,2.4141,CLP
2015-08-12,2.4127,2.4612,2.404,2.4524,CLP
2015-08-13,2.4491,2.4745,2.4339,2.4657,CLP
2015-08-14,2.4617,2.475,2.4412,2.4497,CLP
2015-08-17,2.4452,2.4799,2.4349,2.4761,CLP
2015-08-18,2.4731,2.5055,2.4649,2.4739,CLP
2015-08-19,2.4685,2.4935,2.4582,2.4863,CLP
2015-08-20,2.4814,2.4987,2.4624,2.4798,CLP
2015-08-21,2.477,2.5311,2.4708,2.5253,CLP
2015-08-24,2.5244,2.6295,2.5174,2.6125,CLP
2015-08-25,2.612,2.6206,2.5355,2.5854,CLP
2015-08-26,2.583,2.5996,2.5116,2.5222,CLP
2015-08-27,2.5178,2.5428,2.4656,2.4784,CLP
2015-08-28,2.4757,2.4923,2.4458,2.4595,CLP
2015-08-31,2.4584,2.4966,2.4464,2.4777,CLP
2015-09-01,2.4744,2.5003,2.449,2.4918,CLP
2015-09-02,2.4887,2.4958,2.4446,2.4701,CLP
2015-09-03,2.466,2.4755,2.4367,2.4508,CLP
2015-09-04,2.4472,2.4662,2.4327,2.4591,CLP
2015-09-07,2.4611,2.4748,2.4432,2.4668,CLP
2015-09-08,2.4603,2.4847,2.4293,2.4665,CLP
2015-09-09,2.4651,2.4765,2.4332,2.457,CLP
2015-09-10,2.4532,2.4771,2.4342,2.4519,CLP
2015-09-11,2.4479,2.4935,2.4298,2.4882,CLP
2015-09-14,2.4783,2.5035,2.4714,2.4823,CLP
2015-09-15,2.4792,2.4938,2.459,2.468,CLP
2015-09-16,2.4638,2.4754,2.4392,2.4504,CLP
2015-09-17,2.4455,2.5005,2.4405,2.483,CLP
2015-09-18,2.482,2.4939,2.457,2.47,CLP
2015-09-21,2.4651,2.4843,2.4482,2.4678,CLP
2015-09-22,2.4643,2.5013,2.4539,2.4936,CLP
2015-09-23,2.491,2.5312,2.4847,2.5196,CLP
2015-09-24,2.5161,2.5461,2.4787,2.4921,CLP
2015-09-25,2.4895,2.5013,2.441,2.4903,CLP
2015-09-28,2.4885,2.5232,2.4773,2.5186,CLP
2015-09-29,2.5141,2.5332,2.5036,2.5244,CLP
2015-09-30,2.5203,2.5289,2.472,2.4824,CLP
2015-10-01,2.4812,2.4995,2.468,2.4906,CLP
2015-10-02,2.4876,2.5252,2.4673,2.4764,CLP
2015-10-05,2.4692,2.4995,2.4332,2.4459,CLP
2015-10-06,2.4406,2.477,2.4234,2.4676,CLP
2015-10-07,2.465,2.4705,2.4236,2.4448,CLP
2015-10-08,2.4398,2.4775,2.434,2.4524,CLP
2015-10-09,2.4464,2.4872,2.441,2.4657,CLP
2015-10-12,2.4574,2.4821,2.4006,2.4777,CLP
2015-10-13,2.4706,2.5117,2.4638,2.5008,CLP
2015-10-14,2.4971,2.5282,2.4893,2.5175,CLP
2015-10-15,2.5146,2.5313,2.471,2.4798,CLP
2015-10-16,2.4761,2.4893,2.4595,2.4705,CLP
2015-10-19,2.4663,2.4979,2.4624,2.4842,CLP
2015-10-20,2.4797,2.5206,2.4737,2.513,CLP
2015-10-21,2.5091,2.5337,2.5013,2.5219,CLP
2015-10-22,2.5177,2.527,2.4565,2.4663,CLP
2015-10-23,2.46,2.4856,2.4122,2.4246,CLP
2015-10-26,2.4156,2.4476,2.4146,2.4412,CLP
2015-10-27,2.4388,2.4512,2.4167,2.4369,CLP
2015-10-28,2.4357,2.4525,2.3992,2.4126,CLP
2015-10-29,2.4087,2.4434,2.4019,2.4377,CLP
2015-10-30,2.4314,2.4687,2.4248,2.4508,CLP
2015-11-02,2.4502,2.4619,2.4224,2.4348,CLP
2015-11-03,2.4308,2.4395,2.3945,2.4111,CLP
2015-11-04,2.4081,2.4142,2.3769,2.3913,CLP
2015-11-05,2.3888,2.4133,2.3836,2.4106,CLP
2015-11-06,2.4082,2.4167,2.3654,2.3813,CLP
2015-11-09,2.3705,2.4213,2.3704,2.4063,CLP
2015-11-10,2.4036,2.4192,2.3866,2.4032,CLP
2015-11-11,2.3978,2.4222,2.3946,2.4082,CLP
2015-11-12,2.4048,2.4348,2.3899,2.429,CLP
2015-11-13,2.425,2.4431,2.4092,2.4352,CLP
2015-11-16,2.4313,2.4519,2.4158,2.4423,CLP
2015-11-17,2.4397,2.4473,2.4161,2.4356,CLP
2015-11-18,2.4326,2.4586,2.4285,2.4551,CLP
2015-11-19,2.4504,2.4726,2.4413,2.4608,CLP
2015-11-20,2.457,2.4679,2.4288,2.4446,CLP
2015-11-23,2.4427,2.4561,2.4201,2.4418,CLP
2015-11-24,2.4384,2.4482,2.4094,2.426,CLP
2015-11-25,2.4255,2.4357,2.4095,2.4278,CLP
2015-11-26,2.4242,2.4299,2.4095,2.4264,CLP
2015-11-27,2.4239,2.4334,2.4073,2.4313,CLP
2015-11-30,2.4304,2.4358,2.4038,2.4152,CLP
2015-12-01,2.4126,2.4311,2.3861,2.3926,CLP
2015-12-02,2.3901,2.4099,2.3825,2.4085,CLP
2015-12-03,2.4053,2.4643,2.3813,2.4483,CLP
2015-12-04,2.4443,2.4549,2.4209,2.4405,CLP
2015-12-07,2.4359,2.4611,2.4242,2.4462,CLP
2015-12-08,2.4429,2.4687,2.4389,2.4495,CLP
2015-12-09,2.4457,2.4623,2.4256,2.4563,CLP
2015-12-10,2.4537,2.4629,2.4173,2.4296,CLP
2015-12-11,2.4232,2.4694,2.4175,2.4536,CLP
2015-12-14,2.4475,2.4844,2.4467,2.4707,CLP
2015-12-15,2.4669,2.4852,2.4468,2.455,CLP
2015-12-16,2.4532,2.4676,2.4234,2.4385,CLP
2015-12-17,2.4306,2.4432,2.4047,2.416,CLP
2015-12-18,2.4094,2.4417,2.4079,2.4143,CLP
2015-12-21,2.409,2.4309,2.3944,2.4109,CLP
2015-12-22,2.4067,2.4423,2.4008,2.4336,CLP
2015-12-23,2.4304,2.4376,2.3991,2.4237,CLP
2015-12-24,2.4203,2.4396,2.4134,2.4268,CLP
2015-12-25,2.4199,2.4329,2.4133,2.4314,CLP
2015-12-28,2.4239,2.4818,2.4181,2.4741,CLP
2015-12-29,2.4668,2.483,2.4528,2.4672,CLP
2015-12-30,2.4629,2.4906,2.4577,2.4785,CLP
2015-12-31,2.4719,2.4839,2.4281,2.439,CLP
2016-01-01,2.4333,2.4431,2.4331,2.439,CLP
2016-01-04,2.4322,2.4869,2.4245,2.468,CLP
2016-01-05,2.4618,2.4766,2.4257,2.4478,CLP
2016-01-06,2.4451,2.4542,2.4243,2.4498,CLP
2016-01-07,2.4472,2.5139,2.4417,2.5106,CLP
2016-01-08,2.5078,2.5152,2.4708,2.5088,CLP
2016-01-11,2.5076,2.5236,2.4867,2.503,CLP
2016-01-12,2.498,2.5155,2.473,2.5061,CLP
2016-01-13,2.5016,2.5097,2.4805,2.5044,CLP
2016-01-14,2.5012,2.5288,2.4784,2.4884,CLP
2016-01-15,2.4844,2.5593,2.4802,2.5299,CLP
2016-01-18,2.5228,2.534,2.5112,2.5229,CLP
2016-01-19,2.5191,2.5264,2.4954,2.518,CLP
2016-01-20,2.5142,2.5368,2.5079,2.5166,CLP
2016-01-21,2.513,2.5356,2.486,2.5091,CLP
2016-01-22,2.5053,2.529,2.4603,2.4779,CLP
2016-01-25,2.4723,2.5194,2.4671,2.5106,CLP
2016-01-26,2.5062,2.5175,2.4808,2.5013,CLP
2016-01-27,2.4972,2.5061,2.4639,2.4817,CLP
2016-01-28,2.4754,2.4955,2.4633,2.4808,CLP
2016-01-29,2.4754,2.4957,2.4601,2.4828,CLP
2016-02-01,2.4747,2.5157,2.4732,2.4972,CLP
2016-02-02,2.4932,2.5146,2.4867,2.4992,CLP
2016-02-03,2.495,2.5257,2.4887,2.5126,CLP
2016-02-04,2.5091,2.5442,2.4996,2.5137,CLP
2016-02-05,2.5091,2.5485,2.4987,2.547,CLP
2016-02-08,2.5403,2.5739,2.5222,2.5696,CLP
2016-02-09,2.5669,2.5986,2.5543,2.5839,CLP
2016-02-10,2.5797,2.5976,2.5401,2.5845,CLP
2016-02-11,2.5802,2.6133,2.5704,2.5927,CLP
2016-02-12,2.5886,2.6029,2.5426,2.5568,CLP
2016-02-15,2.5488,2.562,2.5149,2.532,CLP
2016-02-16,2.5279,2.5512,2.5163,2.5418,CLP
2016-02-17,2.5369,2.5488,2.5034,2.5119,CLP
2016-02-18,2.5079,2.5254,2.4867,2.5162,CLP
2016-02-19,2.5117,2.5421,2.5038,2.522,CLP
2016-02-22,2.5194,2.5248,2.4684,2.4857,CLP
2016-02-23,2.4816,2.5024,2.4612,2.4905,CLP
2016-02-24,2.4876,2.4935,2.4518,2.4628,CLP
2016-02-25,2.4565,2.4751,2.4332,2.4451,CLP
2016-02-26,2.439,2.4611,2.4153,2.4317,CLP
2016-02-29,2.4259,2.4529,2.4114,2.4426,CLP
2016-03-01,2.4397,2.4577,2.4088,2.4204,CLP
2016-03-02,2.4162,2.4255,2.3815,2.3952,CLP
2016-03-03,2.3907,2.4392,2.3866,2.4259,CLP
2016-03-04,2.4217,2.4491,2.394,2.4307,CLP
2016-03-07,2.4313,2.4345,2.3934,2.4097,CLP
2016-03-08,2.4062,2.4416,2.4,2.4249,CLP
2016-03-09,2.4223,2.4307,2.3952,2.4116,CLP
2016-03-10,2.4091,2.4668,2.3606,2.4522,CLP
2016-03-11,2.4492,2.4652,2.4212,2.4563,CLP
2016-03-14,2.4457,2.4655,2.4282,2.4459,CLP
2016-03-15,2.4418,2.4624,2.4244,2.455,CLP
2016-03-16,2.4517,2.4674,2.4264,2.4542,CLP
2016-03-17,2.4479,2.4881,2.4283,2.4402,CLP
2016-03-18,2.4377,2.4708,2.4255,2.4582,CLP
2016-03-21,2.4515,2.4686,2.4363,2.4457,CLP
2016-03-22,2.4421,2.459,2.4136,2.4225,CLP
2016-03-23,2.4216,2.4378,2.3948,2.4341,CLP
2016-03-24,2.4286,2.4451,2.4103,2.4226,CLP
2016-03-25,2.4208,2.4308,2.4119,2.4232,CLP
2016-03-28,2.417,2.4416,2.413,2.4341,CLP
2016-03-29,2.4311,2.4565,2.4131,2.4537,CLP
2016-03-30,2.4494,2.4597,2.4093,2.4239,CLP
2016-03-31,2.4223,2.4452,2.41,2.4302,CLP
2016-04-01,2.4261,2.4539,2.4202,2.4368,CLP
2016-04-04,2.4313,2.4578,2.4271,2.4547,CLP
2016-04-05,2.4506,2.4621,2.428,2.4533,CLP
2016-04-06,2.4493,2.4773,2.4449,2.4648,CLP
2016-04-07,2.4563,2.5029,2.4519,2.4942,CLP
2016-04-08,2.4901,2.5032,2.466,2.493,CLP
2016-04-11,2.4881,2.5078,2.4754,2.485,CLP
2016-04-12,2.4824,2.5016,2.4497,2.4619,CLP
2016-04-13,2.4543,2.4653,2.4189,2.431,CLP
2016-04-14,2.4264,2.4353,2.3903,2.4017,CLP
2016-04-15,2.395,2.4386,2.3927,2.4181,CLP
2016-04-18,2.4133,2.4417,2.4047,2.4127,CLP
2016-04-19,2.4073,2.4341,2.3962,2.4193,CLP
2016-04-20,2.4152,2.436,2.3994,2.4077,CLP
2016-04-21,2.4045,2.4332,2.3884,2.4266,CLP
2016-04-22,2.4186,2.4356,2.4001,2.4179,CLP
2016-04-25,2.409,2.4285,2.3988,2.4196,CLP
2016-04-26,2.4164,2.4399,2.4056,2.4285,CLP
2016-04-27,2.4245,2.4363,2.4028,2.4173,CLP
2016-04-28,2.4104,2.4426,2.3985,2.4122,CLP
2016-04-29,2.4073,2.4325,2.3901,2.4267,CLP
2016-05-02,2.4154,2.4558,2.4151,2.4515,CLP
2016-05-03,2.4465,2.4813,2.4406,2.4644,CLP
2016-05-04,2.4562,2.4832,2.4493,2.4637,CLP
2016-05-05,2.4592,2.4712,2.422,2.4362,CLP
2016-05-06,2.4277,2.4471,2.4024,2.4092,CLP
2016-05-09,2.404,2.4477,2.3994,2.4424,CLP
2016-05-10,2.4393,2.4645,2.435,2.4539,CLP
2016-05-11,2.4493,2.4775,2.4393,2.4593,CLP
2016-05-12,2.4553,2.4783,2.4397,2.472,CLP
2016-05-13,2.4679,2.488,2.4513,2.4772,CLP
2016-05-16,2.4759,2.5029,2.4618,2.4922,CLP
2016-05-17,2.4876,2.5089,2.4644,2.4743,CLP
2016-05-18,2.4702,2.4877,2.4505,2.4658,CLP
2016-05-19,2.4613,2.482,2.4466,2.4568,CLP
2016-05-20,2.4511,2.4666,2.4349,2.4649,CLP
2016-05-23,2.4528,2.4768,2.4362,2.4551,CLP
2016-05-24,2.4507,2.4617,2.4315,2.4573,CLP
2016-05-25,2.4537,2.4703,2.4434,2.4558,CLP
2016-05-26,2.453,2.4725,2.4295,2.4504,CLP
2016-05-27,2.4458,2.4531,2.4222,2.4352,CLP
2016-05-30,2.4288,2.4564,2.422,2.449,CLP
2016-05-31,2.4462,2.4645,2.4334,2.4574,CLP
2016-06-01,2.4536,2.4811,2.4496,2.4659,CLP
2016-06-02,2.4631,2.4835,2.45,2.46,CLP
2016-06-03,2.4571,2.4897,2.4484,2.4821,CLP
2016-06-06,2.471,2.4993,2.4681,2.4823,CLP
2016-06-07,2.4777,2.5031,2.4713,2.4852,CLP
2016-06-08,2.4782,2.4994,2.459,2.4737,CLP
2016-06-09,2.4674,2.4813,2.4475,2.4704,CLP
2016-06-10,2.4629,2.4837,2.446,2.465,CLP
2016-06-13,2.4613,2.4882,2.4581,2.4696,CLP
2016-06-14,2.4621,2.4767,2.4416,2.458,CLP
2016-06-15,2.4544,2.4745,2.4411,2.4576,CLP
2016-06-16,2.4531,2.4699,2.4289,2.4606,CLP
2016-06-17,2.4547,2.4708,2.4441,2.4561,CLP
2016-06-20,2.4542,2.4897,2.4392,2.4516,CLP
2016-06-21,2.4486,2.4628,2.4027,2.415,CLP
2016-06-22,2.411,2.4322,2.3991,2.4243,CLP
2016-06-23,2.4203,2.4578,2.4082,2.4263,CLP
2016-06-24,2.4211,2.4547,2.2794,2.3768,CLP
2016-06-27,2.3649,2.3737,2.3343,2.3624,CLP
2016-06-28,2.3591,2.3926,2.3151,2.3289,CLP
2016-06-29,2.324,2.3418,2.3006,2.3222,CLP
2016-06-30,2.3169,2.3381,2.2928,2.3286,CLP
2016-07-01,2.3255,2.3354,2.3006,2.3221,CLP
2016-07-04,2.3143,2.3288,2.3032,2.3117,CLP
2016-07-05,2.3079,2.3394,2.3012,2.3182,CLP
2016-07-06,2.3137,2.3397,2.3007,2.3262,CLP
2016-07-07,2.3177,2.3455,2.3067,2.3356,CLP
2016-07-08,2.3317,2.3499,2.3066,2.3201,CLP
2016-07-11,2.3126,2.3418,2.3056,2.3337,CLP
2016-07-12,2.3294,2.3528,2.3077,2.3253,CLP
2016-07-13,2.3202,2.3394,2.3096,2.3163,CLP
2016-07-14,2.3124,2.3372,2.2892,2.3016,CLP
2016-07-15,2.2978,2.3142,2.2668,2.2906,CLP
2016-07-18,2.2883,2.3037,2.2708,2.2822,CLP
2016-07-19,2.2777,2.2895,2.2632,2.28,CLP
2016-07-20,2.2723,2.2906,2.2647,2.282,CLP
2016-07-21,2.275,2.2938,2.2692,2.2839,CLP
2016-07-22,2.2761,2.2991,2.2648,2.2781,CLP
2016-07-25,2.2756,2.3276,2.2672,2.3211,CLP
2016-07-26,2.3172,2.3319,2.3079,2.321,CLP
2016-07-27,2.3172,2.3502,2.3073,2.3468,CLP
2016-07-28,2.342,2.3756,2.3342,2.3582,CLP
2016-07-29,2.354,2.3746,2.3392,2.3518,CLP
2016-08-01,2.3427,2.3702,2.3412,2.3653,CLP
2016-08-02,2.3615,2.3779,2.3474,2.3632,CLP
2016-08-03,2.3589,2.3727,2.3469,2.3564,CLP
2016-08-04,2.3508,2.3655,2.3354,2.3447,CLP
2016-08-05,2.3409,2.3598,2.3273,2.3433,CLP
2016-08-08,2.3406,2.3472,2.3197,2.3333,CLP
2016-08-09,2.3303,2.3465,2.3191,2.3355,CLP
2016-08-10,2.3316,2.3605,2.3225,2.335,CLP
2016-08-11,2.328,2.351,2.3024,2.3087,CLP
2016-08-12,2.3043,2.3525,2.2997,2.3461,CLP
2016-08-15,2.3383,2.3531,2.333,2.3464,CLP
2016-08-16,2.3402,2.3773,2.3333,2.3737,CLP
2016-08-17,2.3697,2.3921,2.3528,2.388,CLP
2016-08-18,2.3857,2.4111,2.3765,2.4082,CLP
2016-08-19,2.4042,2.4203,2.3849,2.4171,CLP
2016-08-22,2.4038,2.4446,2.3986,2.4383,CLP
2016-08-23,2.4343,2.4584,2.4248,2.4524,CLP
2016-08-24,2.4452,2.4584,2.4224,2.4391,CLP
2016-08-25,2.4341,2.4504,2.407,2.4179,CLP
2016-08-26,2.4134,2.4395,2.4049,2.4384,CLP
2016-08-29,2.4325,2.4436,2.415,2.4371,CLP
2016-08-30,2.4314,2.4368,2.4096,2.428,CLP
2016-08-31,2.4256,2.4571,2.4139,2.4515,CLP
2016-09-01,2.4486,2.467,2.4323,2.4608,CLP
2016-09-02,2.4568,2.4685,2.4081,2.4144,CLP
2016-09-05,2.413,2.4387,2.4081,2.4219,CLP
2016-09-06,2.4188,2.4324,2.3956,2.4078,CLP
2016-09-07,2.403,2.4234,2.393,2.415,CLP
2016-09-08,2.4102,2.4322,2.4028,2.4291,CLP
2016-09-09,2.4245,2.4455,2.4168,2.4379,CLP
2016-09-12,2.4362,2.4578,2.4171,2.4233,CLP
2016-09-13,2.4216,2.4614,2.4114,2.4484,CLP
2016-09-14,2.4436,2.458,2.4342,2.45,CLP
2016-09-15,2.4459,2.4559,2.4212,2.4384,CLP
2016-09-16,2.4343,2.4579,2.425,2.4436,CLP
2016-09-19,2.4335,2.4588,2.4303,2.4437,CLP
2016-09-20,2.4381,2.4543,2.4121,2.423,CLP
2016-09-21,2.4192,2.4313,2.3922,2.4056,CLP
2016-09-22,2.4005,2.4321,2.3951,2.4162,CLP
2016-09-23,2.4121,2.4331,2.4033,2.4244,CLP
2016-09-26,2.4213,2.4413,2.4142,2.4274,CLP
2016-09-27,2.4229,2.4369,2.4031,2.4141,CLP
2016-09-28,2.4099,2.4239,2.3914,2.4018,CLP
2016-09-29,2.3982,2.4085,2.3846,2.3986,CLP
2016-09-30,2.3945,2.4049,2.3634,2.3993,CLP
2016-10-03,2.3893,2.4168,2.3808,2.4036,CLP
2016-10-04,2.401,2.4286,2.3882,2.4204,CLP
2016-10-05,2.4188,2.4516,2.4096,2.4383,CLP
2016-10-06,2.4342,2.4548,2.4222,2.4393,CLP
2016-10-07,2.4398,2.4668,2.4288,2.4613,CLP
2016-10-10,2.4535,2.4633,2.4443,2.452,CLP
2016-10-11,2.4492,2.4562,2.4088,2.4189,CLP
2016-10-12,2.4145,2.4233,2.394,2.4,CLP
2016-10-13,2.396,2.4333,2.3826,2.4254,CLP
2016-10-14,2.4223,2.4335,2.3984,2.4045,CLP
2016-10-17,2.4012,2.4094,2.3894,2.4027,CLP
2016-10-18,2.3995,2.4109,2.3838,2.3911,CLP
2016-10-19,2.3865,2.4036,2.3671,2.3783,CLP
2016-10-20,2.3744,2.3963,2.3601,2.3712,CLP
2016-10-21,2.3673,2.3737,2.3403,2.3518,CLP
2016-10-24,2.3445,2.3605,2.3127,2.3235,CLP
2016-10-25,2.3191,2.3315,2.2915,2.3031,CLP
2016-10-26,2.2995,2.318,2.2919,2.3087,CLP
2016-10-27,2.3025,2.3151,2.281,2.2917,CLP
2016-10-28,2.2881,2.322,2.2815,2.3199,CLP
2016-10-31,2.3163,2.326,2.3074,2.322,CLP
2016-11-01,2.3215,2.3447,2.3122,2.3361,CLP
2016-11-02,2.3323,2.3645,2.3264,2.3392,CLP
2016-11-03,2.3346,2.3668,2.3236,2.3577,CLP
2016-11-04,2.3548,2.396,2.3474,2.3889,CLP
2016-11-07,2.3797,2.3856,2.3452,2.361,CLP
2016-11-08,2.3566,2.3693,2.3285,2.3396,CLP
2016-11-09,2.3341,2.3845,2.3115,2.3178,CLP
2016-11-10,2.3124,2.339,2.2844,2.3361,CLP
2016-11-11,2.3327,2.3527,2.3058,2.3382,CLP
2016-11-14,2.335,2.3418,2.2988,2.3175,CLP
2016-11-15,2.3139,2.3472,2.3044,2.3251,CLP
2016-11-16,2.3222,2.3411,2.298,2.3275,CLP
2016-11-17,2.3241,2.3491,2.3121,2.3201,CLP
2016-11-18,2.316,2.3375,2.3031,2.3272,CLP
2016-11-21,2.3233,2.3439,2.3057,2.3203,CLP
2016-11-22,2.3162,2.3386,2.3009,2.3325,CLP
2016-11-23,2.328,2.3394,2.2947,2.3012,CLP
2016-11-24,2.2997,2.3201,2.2899,2.3028,CLP
2016-11-25,2.2987,2.3335,2.2934,2.3175,CLP
2016-11-28,2.3157,2.3412,2.2879,2.3034,CLP
2016-11-29,2.3008,2.3089,2.2842,2.3,CLP
2016-11-30,2.2958,2.3093,2.2695,2.2889,CLP
2016-12-01,2.2844,2.3016,2.2698,2.2866,CLP
2016-12-02,2.2822,2.2938,2.2741,2.2835,CLP
2016-12-05,2.2816,2.2976,2.2473,2.282,CLP
2016-12-06,2.2781,2.2868,2.2504,2.2542,CLP
2016-12-07,2.251,2.263,2.2254,2.2489,CLP
2016-12-08,2.2461,2.2646,2.2018,2.2108,CLP
2016-12-09,2.2081,2.2168,2.1716,2.1814,CLP
2016-12-12,2.1796,2.2054,2.1752,2.1958,CLP
2016-12-13,2.1925,2.2085,2.1842,2.2024,CLP
2016-12-14,2.1991,2.2334,2.1934,2.2107,CLP
2016-12-15,2.2084,2.2224,2.1914,2.2166,CLP
2016-12-16,2.2134,2.262,2.2061,2.2483,CLP
2016-12-19,2.2448,2.277,2.2412,2.2627,CLP
2016-12-20,2.2601,2.266,2.2425,2.2578,CLP
2016-12-21,2.2552,2.271,2.2491,2.2633,CLP
2016-12-22,2.261,2.2854,2.2553,2.2694,CLP
2016-12-23,2.2665,2.2843,2.2601,2.2771,CLP
2016-12-26,2.2742,2.2841,2.264,2.2722,CLP
2016-12-27,2.2665,2.2988,2.2634,2.2824,CLP
2016-12-28,2.2769,2.2895,2.2525,2.2604,CLP
2016-12-29,2.2579,2.2809,2.2321,2.2543,CLP
2016-12-30,2.2498,2.3023,2.2471,2.2782,CLP
2017-01-02,2.2713,2.2835,2.2557,2.2633,CLP
2017-01-03,2.2599,2.2798,2.2425,2.2706,CLP
2017-01-04,2.2682,2.2947,2.2583,2.2854,CLP
2017-01-05,2.2795,2.3032,2.2665,2.2769,CLP
2017-01-06,2.2754,2.3051,2.2704,2.2872,CLP
2017-01-09,2.2836,2.3044,2.2723,2.3027,CLP
2017-01-10,2.2981,2.3127,2.2813,2.2875,CLP
2017-01-11,2.2826,2.3129,2.2696,2.3068,CLP
2017-01-12,2.3022,2.3258,2.2811,2.285,CLP
2017-01-13,2.2827,2.2965,2.2702,2.2797,CLP
2017-01-16,2.2737,2.2904,2.2671,2.2818,CLP
2017-01-17,2.2779,2.3011,2.2719,2.2868,CLP
2017-01-18,2.2842,2.2952,2.2696,2.2818,CLP
2017-01-19,2.2783,2.2942,2.2577,2.2824,CLP
2017-01-20,2.2794,2.2973,2.2567,2.2683,CLP
2017-01-23,2.261,2.2851,2.245,2.2652,CLP
2017-01-24,2.2639,2.2783,2.2488,2.2542,CLP
2017-01-25,2.2527,2.2699,2.235,2.2503,CLP
2017-01-26,2.2457,2.2529,2.2103,2.2359,CLP
2017-01-27,2.2345,2.2416,2.2169,2.2334,CLP
2017-01-30,2.2293,2.2412,2.2113,2.2323,CLP
2017-01-31,2.2286,2.2656,2.2201,2.2582,CLP
2017-02-01,2.2557,2.2614,2.2324,2.249,CLP
2017-02-02,2.2474,2.2683,2.2308,2.2351,CLP
2017-02-03,2.2328,2.2485,2.2128,2.229,CLP
2017-02-06,2.2232,2.2333,2.202,2.2236,CLP
2017-02-07,2.2211,2.2454,2.2011,2.2367,CLP
2017-02-08,2.2323,2.2494,2.2123,2.2434,CLP
2017-02-09,2.2403,2.2554,2.2231,2.2317,CLP
2017-02-10,2.23,2.2359,2.198,2.2085,CLP
2017-02-13,2.2045,2.2195,2.1952,2.2087,CLP
2017-02-14,2.2044,2.2179,2.1934,2.2029,CLP
2017-02-15,2.2005,2.2045,2.1784,2.1977,CLP
2017-02-16,2.1945,2.2222,2.1876,2.2185,CLP
2017-02-17,2.2133,2.2315,2.2044,2.2146,CLP
2017-02-20,2.2099,2.2252,2.2001,2.2092,CLP
2017-02-21,2.2001,2.2163,2.1921,2.1969,CLP
2017-02-22,2.1926,2.2093,2.1819,2.2051,CLP
2017-02-23,2.2011,2.2083,2.1881,2.1977,CLP
2017-02-24,2.1961,2.2256,2.1932,2.2157,CLP
2017-02-27,2.2139,2.2355,2.2079,2.2254,CLP
2017-02-28,2.2224,2.2434,2.2154,2.2315,CLP
2017-03-01,2.2293,2.2375,2.2118,2.2277,CLP
2017-03-02,2.2245,2.2372,2.2141,2.2252,CLP
2017-03-03,2.2239,2.2586,2.2186,2.2575,CLP
2017-03-06,2.2514,2.2643,2.2432,2.2582,CLP
2017-03-07,2.2547,2.2692,2.2366,2.2445,CLP
2017-03-08,2.2401,2.2557,2.2356,2.2487,CLP
2017-03-09,2.2449,2.2668,2.2398,2.2582,CLP
2017-03-10,2.2555,2.2754,2.2472,2.2632,CLP
2017-03-13,2.2624,2.2849,2.2578,2.2746,CLP
2017-03-14,2.271,2.2938,2.264,2.2809,CLP
2017-03-15,2.2768,2.3117,2.2759,2.3096,CLP
2017-03-16,2.3059,2.3163,2.2744,2.3013,CLP
2017-03-17,2.2977,2.3111,2.2921,2.3045,CLP
2017-03-20,2.2961,2.32,2.2905,2.2993,CLP
2017-03-21,2.2947,2.3143,2.2884,2.3099,CLP
2017-03-22,2.3071,2.3317,2.2974,2.3144,CLP
2017-03-23,2.3107,2.3211,2.2903,2.3127,CLP
2017-03-24,2.3082,2.3203,2.2884,2.2949,CLP
2017-03-27,2.2936,2.3436,2.2899,2.3384,CLP
2017-03-28,2.3338,2.3526,2.3162,2.3232,CLP
2017-03-29,2.3169,2.3293,2.2929,2.3051,CLP
2017-03-30,2.3007,2.3129,2.286,2.2927,CLP
2017-03-31,2.2885,2.3176,2.2705,2.2774,CLP
2017-04-03,2.2739,2.2844,2.2577,2.276,CLP
2017-04-04,2.2739,2.2843,2.2558,2.2751,CLP
2017-04-05,2.2719,2.2816,2.2505,2.2588,CLP
2017-04-06,2.2591,2.2757,2.2415,2.2487,CLP
2017-04-07,2.2445,2.2647,2.2345,2.2428,CLP
2017-04-10,2.2403,2.2457,2.2113,2.2227,CLP
2017-04-11,2.2189,2.2344,2.2059,2.2252,CLP
2017-04-12,2.2238,2.2333,2.211,2.2293,CLP
2017-04-13,2.227,2.234,2.1963,2.2073,CLP
2017-04-14,2.2029,2.2111,2.1961,2.2022,CLP
2017-04-17,2.1983,2.2135,2.1847,2.1899,CLP
2017-04-18,2.1862,2.2242,2.183,2.219,CLP
2017-04-19,2.2151,2.2311,2.2083,2.2166,CLP
2017-04-20,2.2127,2.2354,2.2082,2.2239,CLP
2017-04-21,2.2218,2.2418,2.2048,2.241,CLP
2017-04-24,2.2758,2.2892,2.2535,2.2866,CLP
2017-04-25,2.2835,2.3281,2.2783,2.3199,CLP
2017-04-26,2.3176,2.3281,2.3046,2.3186,CLP
2017-04-27,2.3164,2.3287,2.3048,2.3133,CLP
2017-04-28,2.3093,2.3365,2.3034,2.3226,CLP
2017-05-01,2.3113,2.3321,2.3113,2.326,CLP
2017-05-02,2.323,2.3428,2.3158,2.3386,CLP
2017-05-03,2.335,2.3491,2.3273,2.3352,CLP
2017-05-04,2.3309,2.379,2.3251,2.3743,CLP
2017-05-05,2.3714,2.3912,2.3572,2.3689,CLP
2017-05-08,2.367,2.389,2.3523,2.3819,CLP
2017-05-09,2.3782,2.3867,2.3591,2.3659,CLP
2017-05-10,2.3616,2.3778,2.3459,2.3554,CLP
2017-05-11,2.3524,2.3619,2.3339,2.3531,CLP
2017-05-12,2.3504,2.3727,2.3461,2.3702,CLP
2017-05-15,2.361,2.3866,2.3592,2.3744,CLP
2017-05-16,2.3728,2.3962,2.3671,2.3902,CLP
2017-05-17,2.3856,2.4238,2.3777,2.4228,CLP
2017-05-18,2.4215,2.4386,2.3994,2.4082,CLP
2017-05-19,2.4072,2.4348,2.4003,2.4301,CLP
2017-05-22,2.4262,2.4472,2.4146,2.4436,CLP
2017-05-23,2.441,2.4544,2.4259,2.4463,CLP
2017-05-24,2.4429,2.4557,2.4335,2.4484,CLP
2017-05-25,2.4443,2.4563,2.4315,2.4399,CLP
2017-05-26,2.436,2.4491,2.4205,2.443,CLP
2017-05-29,2.4404,2.4514,2.4343,2.4456,CLP
2017-05-30,2.4436,2.46,2.429,2.4522,CLP
2017-05-31,2.4472,2.4687,2.438,2.4554,CLP
2017-06-01,2.4515,2.4628,2.4403,2.4488,CLP
2017-06-02,2.444,2.4632,2.4384,2.4594,CLP
2017-06-05,2.4554,2.4613,2.4363,2.4495,CLP
2017-06-06,2.4462,2.4571,2.4372,2.4485,CLP
2017-06-07,2.4455,2.4518,2.417,2.4428,CLP
2017-06-08,2.4387,2.4498,2.4129,2.4229,CLP
2017-06-09,2.4195,2.4279,2.4035,2.4146,CLP
2017-06-12,2.4109,2.4255,2.3977,2.4108,CLP
2017-06-13,2.4062,2.427,2.3982,2.4211,CLP
2017-06-14,2.4191,2.4411,2.4094,2.424,CLP
2017-06-15,2.4199,2.4274,2.3917,2.409,CLP
2017-06-16,2.4052,2.425,2.3974,2.4216,CLP
2017-06-19,2.4186,2.4291,2.3889,2.3946,CLP
2017-06-20,2.392,2.4028,2.3805,2.3902,CLP
2017-06-21,2.3871,2.4047,2.3812,2.4028,CLP
2017-06-22,2.3994,2.4084,2.3822,2.3937,CLP
2017-06-23,2.3901,2.4045,2.3794,2.3902,CLP
2017-06-26,2.3782,2.4019,2.3771,2.3895,CLP
2017-06-27,2.3863,2.4301,2.3821,2.4259,CLP
2017-06-28,2.4231,2.4426,2.4151,2.4411,CLP
2017-06-29,2.4372,2.4584,2.4307,2.4573,CLP
2017-06-30,2.454,2.4617,2.4421,2.4604,CLP
2017-07-03,2.4529,2.4597,2.4312,2.4364,CLP
2017-07-04,2.434,2.4483,2.4282,2.4439,CLP
2017-07-05,2.4417,2.4522,2.4313,2.448,CLP
2017-07-06,2.4448,2.4678,2.4376,2.4661,CLP
2017-07-07,2.4625,2.4756,2.4529,2.4695,CLP
2017-07-10,2.4659,2.4769,2.4536,2.4663,CLP
2017-07-11,2.462,2.4896,2.4545,2.4843,CLP
2017-07-12,2.4793,2.4888,2.4572,2.4654,CLP
2017-07-13,2.4611,2.4766,2.4451,2.4576,CLP
2017-07-14,2.4542,2.4708,2.4494,2.4653,CLP
2017-07-17,2.4609,2.4739,2.4454,2.4708,CLP
2017-07-18,2.4664,2.4962,2.4594,2.475,CLP
2017-07-19,2.4704,2.4761,2.4487,2.459,CLP
2017-07-20,2.4555,2.4889,2.4474,2.4854,CLP
2017-07-21,2.4838,2.4983,2.472,2.4882,CLP
2017-07-24,2.484,2.4937,2.4721,2.4861,CLP
2017-07-25,2.4809,2.4963,2.4653,2.4786,CLP
2017-07-26,2.4745,2.488,2.4569,2.4792,CLP
2017-07-27,2.4766,2.4891,2.4634,2.483,CLP
2017-07-28,2.48,2.5265,2.4758,2.5208,CLP
2017-07-31,2.5166,2.5372,2.5038,2.5288,CLP
2017-08-01,2.5252,2.5461,2.5125,2.5421,CLP
2017-08-02,2.5394,2.5598,2.5316,2.5473,CLP
2017-08-03,2.5422,2.5482,2.5241,2.5351,CLP
2017-08-04,2.5305,2.5395,2.4999,2.5146,CLP
2017-08-07,2.5108,2.5322,2.5074,2.5274,CLP
2017-08-08,2.5239,2.5339,2.4953,2.5055,CLP
2017-08-09,2.5017,2.5116,2.4869,2.4948,CLP
2017-08-10,2.4915,2.5011,2.4762,2.4973,CLP
2017-08-11,2.4946,2.5156,2.4864,2.5076,CLP
2017-08-14,2.5062,2.5206,2.4979,2.5121,CLP
2017-08-15,2.5122,2.516,2.4899,2.5017,CLP
2017-08-16,2.5012,2.5083,2.4768,2.4931,CLP
2017-08-17,2.4933,2.5015,2.4718,2.4945,CLP
2017-08-18,2.4935,2.5097,2.4899,2.5038,CLP
2017-08-21,2.5059,2.5111,2.4962,2.5048,CLP
2017-08-22,2.5034,2.5065,2.4815,2.4872,CLP
2017-08-23,2.4869,2.5113,2.4807,2.4993,CLP
2017-08-24,2.498,2.5049,2.4713,2.476,CLP
2017-08-25,2.4743,2.4897,2.4632,2.4865,CLP
2017-08-28,2.4836,2.4916,2.4654,2.4725,CLP
2017-08-29,2.4728,2.4898,2.4446,2.4502,CLP
2017-08-30,2.4516,2.4638,2.4404,2.4541,CLP
2017-08-31,2.4543,2.4627,2.4299,2.435,CLP
2017-09-01,2.4356,2.4531,2.4183,2.427,CLP
2017-09-04,2.4261,2.4381,2.4238,2.4278,CLP
2017-09-05,2.4276,2.4336,2.4099,2.4264,CLP
2017-09-06,2.4265,2.4328,2.4024,2.405,CLP
2017-09-07,2.4054,2.4337,2.4032,2.4154,CLP
2017-09-08,2.4152,2.4425,2.4125,2.435,CLP
2017-09-11,2.4335,2.4369,2.4196,2.4293,CLP
2017-09-12,2.4306,2.4392,2.4213,2.4261,CLP
2017-09-13,2.4255,2.437,2.414,2.4177,CLP
2017-09-14,2.4176,2.4312,2.4004,2.4106,CLP
2017-09-15,2.411,2.4316,2.4066,2.4135,CLP
2017-09-18,2.4132,2.4232,2.4049,2.4148,CLP
2017-09-19,2.4135,2.439,2.4112,2.4339,CLP
2017-09-20,2.4358,2.4419,2.3908,2.3965,CLP
2017-09-21,2.3972,2.4131,2.3815,2.4062,CLP
2017-09-22,2.4059,2.4221,2.403,2.4112,CLP
2017-09-25,2.4131,2.4131,2.3926,2.4027,CLP
2017-09-26,2.4031,2.4127,2.384,2.4064,CLP
2017-09-27,2.4055,2.4159,2.3897,2.4061,CLP
2017-09-28,2.406,2.4199,2.3982,2.4102,CLP
2017-09-29,2.4108,2.4362,2.4059,2.4249,CLP
2017-10-02,2.4242,2.4267,2.3971,2.4005,CLP
2017-10-03,2.4003,2.4121,2.3795,2.3822,CLP
2017-10-04,2.3826,2.3991,2.3737,2.3814,CLP
2017-10-05,2.3792,2.3904,2.3508,2.3603,CLP
2017-10-06,2.3615,2.3873,2.3562,2.3805,CLP
2017-10-09,2.379,2.3893,2.3725,2.3861,CLP
2017-10-10,2.3866,2.4068,2.3819,2.3916,CLP
2017-10-11,2.3918,2.4089,2.3875,2.4032,CLP
2017-10-12,2.4018,2.4096,2.3906,2.3927,CLP
2017-10-13,2.393,2.3991,2.3843,2.3914,CLP
2017-10-16,2.3918,2.3973,2.3712,2.3735,CLP
2017-10-17,2.3721,2.3829,2.3626,2.3746,CLP
2017-10-18,2.3748,2.4013,2.3651,2.3914,CLP
2017-10-19,2.3901,2.4106,2.3828,2.4091,CLP
2017-10-20,2.4099,2.4137,2.3921,2.4053,CLP
2017-10-23,2.4053,2.4175,2.3918,2.4167,CLP
2017-10-24,2.4162,2.4217,2.3937,2.4003,CLP
2017-10-25,2.4021,2.4114,2.3929,2.3989,CLP
2017-10-26,2.3985,2.4058,2.3686,2.3803,CLP
2017-10-27,2.3809,2.3835,2.3639,2.3778,CLP
2017-10-30,2.3751,2.3978,2.3665,2.395,CLP
2017-10-31,2.3954,2.3973,2.3716,2.3805,CLP
2017-11-01,2.3791,2.383,2.3621,2.3737,CLP
2017-11-02,2.3732,2.3863,2.3495,2.3585,CLP
2017-11-03,2.3586,2.3735,2.3527,2.3701,CLP
2017-11-06,2.3734,2.3749,2.3529,2.364,CLP
2017-11-07,2.3637,2.3661,2.3494,2.3589,CLP
2017-11-08,2.3573,2.3655,2.3411,2.3495,CLP
2017-11-09,2.3497,2.3613,2.3462,2.354,CLP
2017-11-10,2.3514,2.3647,2.3447,2.3624,CLP
2017-11-13,2.3634,2.3716,2.3514,2.3546,CLP
2017-11-14,2.3567,2.3958,2.3554,2.3906,CLP
2017-11-15,2.3913,2.4083,2.3865,2.3906,CLP
2017-11-16,2.3902,2.3949,2.3696,2.3786,CLP
2017-11-17,2.3784,2.392,2.363,2.3699,CLP
2017-11-20,2.3678,2.4082,2.3529,2.3906,CLP
2017-11-21,2.3905,2.3975,2.3723,2.378,CLP
2017-11-22,2.3767,2.3946,2.3735,2.392,CLP
2017-11-23,2.3937,2.4142,2.3877,2.4085,CLP
2017-11-24,2.4091,2.4313,2.4045,2.4238,CLP
2017-11-27,2.4228,2.4501,2.4198,2.4404,CLP
2017-11-28,2.4405,2.4616,2.433,2.4425,CLP
2017-11-29,2.443,2.455,2.4324,2.4455,CLP
2017-11-30,2.4444,2.4727,2.4259,2.4608,CLP
2017-12-01,2.4608,2.472,2.444,2.4534,CLP
2017-12-04,2.4543,2.4651,2.4426,2.4503,CLP
2017-12-05,2.4507,2.4697,2.446,2.4607,CLP
2017-12-06,2.4594,2.4662,2.4486,2.4548,CLP
2017-12-07,2.4533,2.46,2.4421,2.4495,CLP
2017-12-08,2.4494,2.4605,2.4394,2.4571,CLP
2017-12-11,2.4587,2.4701,2.452,2.4539,CLP
2017-12-12,2.4551,2.4662,2.4361,2.4461,CLP
2017-12-13,2.4456,2.4519,2.4188,2.4304,CLP
2017-12-14,2.4303,2.4385,2.3897,2.3927,CLP
2017-12-15,2.3939,2.4115,2.3772,2.3803,CLP
2017-12-18,2.3805,2.3937,2.3314,2.3382,CLP
2017-12-19,2.3386,2.354,2.3341,2.3482,CLP
2017-12-20,2.3462,2.3638,2.3356,2.3512,CLP
2017-12-21,2.3523,2.3682,2.3504,2.3612,CLP
2017-12-22,2.3613,2.3758,2.3495,2.3662,CLP
2017-12-25,2.3683,2.3748,2.3643,2.3716,CLP
2017-12-26,2.3712,2.3761,2.3502,2.3529,CLP
2017-12-27,2.3564,2.3695,2.353,2.3633,CLP
2017-12-28,2.362,2.3756,2.3596,2.3683,CLP
2017-12-29,2.3703,2.3854,2.3655,2.3757,CLP
2018-01-01,2.376,2.3786,2.3756,2.3786,CLP
2018-01-02,2.3756,2.4043,2.362,2.366,CLP
2018-01-03,2.3643,2.3689,2.3413,2.3632,CLP
2018-01-04,2.3656,2.3765,2.3571,2.3726,CLP
2018-01-05,2.3734,2.3775,2.3618,2.3646,CLP
2018-01-08,2.3569,2.3651,2.3396,2.3464,CLP
2018-01-09,2.3468,2.3495,2.3335,2.3433,CLP
2018-01-10,2.3428,2.367,2.3378,2.35,CLP
2018-01-11,2.3504,2.3791,2.3466,2.3598,CLP
2018-01-12,2.3599,2.3845,2.3584,2.3832,CLP
2018-01-15,2.3843,2.4051,2.3773,2.3952,CLP
2018-01-16,2.3957,2.4159,2.3808,2.4105,CLP
2018-01-17,2.4085,2.4211,2.3866,2.3964,CLP
2018-01-18,2.3956,2.4097,2.391,2.4034,CLP
2018-01-19,2.4053,2.4131,2.3969,2.4034,CLP
2018-01-22,2.4112,2.4137,2.388,2.3963,CLP
2018-01-23,2.3975,2.4268,2.3849,2.4242,CLP
2018-01-24,2.4238,2.4362,2.4129,2.4179,CLP
2018-01-25,2.4198,2.4312,2.3981,2.4051,CLP
2018-01-26,2.4036,2.4272,2.3981,2.4207,CLP
2018-01-29,2.4205,2.4234,2.4017,2.4116,CLP
2018-01-30,2.4112,2.4286,2.3982,2.4203,CLP
2018-01-31,2.4193,2.4349,2.4042,2.4118,CLP
2018-02-01,2.4141,2.4247,2.4013,2.4192,CLP
2018-02-02,2.4175,2.4297,2.4047,2.4245,CLP
2018-02-05,2.4234,2.4294,2.397,2.4025,CLP
2018-02-06,2.4031,2.4181,2.381,2.3928,CLP
2018-02-07,2.3927,2.4009,2.3516,2.366,CLP
2018-02-08,2.3664,2.3834,2.3504,2.3714,CLP
2018-02-09,2.3712,2.3817,2.3603,2.3733,CLP
2018-02-12,2.3733,2.3827,2.3501,2.357,CLP
2018-02-13,2.3567,2.3727,2.3516,2.3685,CLP
2018-02-14,2.3685,2.3763,2.3473,2.3703,CLP
2018-02-15,2.3711,2.3865,2.3641,2.3853,CLP
2018-02-16,2.3828,2.3923,2.3605,2.3647,CLP
2018-02-19,2.365,2.3764,2.3605,2.3715,CLP
2018-02-20,2.3723,2.3744,2.3489,2.3554,CLP
2018-02-21,2.3559,2.3573,2.3392,2.3401,CLP
2018-02-22,2.3373,2.3462,2.3283,2.3321,CLP
2018-02-23,2.3335,2.3375,2.315,2.3198,CLP
2018-02-26,2.318,2.3288,2.3003,2.3078,CLP
2018-02-27,2.3086,2.316,2.2985,2.3062,CLP
2018-02-28,2.3075,2.3178,2.2957,2.3115,CLP
2018-03-01,2.3112,2.3325,2.3056,2.3308,CLP
2018-03-02,2.3302,2.3548,2.3262,2.3512,CLP
2018-03-05,2.3512,2.3615,2.3426,2.3493,CLP
2018-03-06,2.3489,2.383,2.3472,2.3796,CLP
2018-03-07,2.379,2.4013,2.3756,2.3996,CLP
2018-03-08,2.399,2.4144,2.3885,2.3933,CLP
2018-03-09,2.3929,2.3989,2.3752,2.3775,CLP
2018-03-12,2.3773,2.3916,2.3731,2.3883,CLP
2018-03-13,2.3864,2.4001,2.382,2.3966,CLP
2018-03-14,2.3967,2.4015,2.3784,2.3893,CLP
2018-03-15,2.3894,2.4038,2.386,2.3933,CLP
2018-03-16,2.3935,2.4082,2.3912,2.4051,CLP
2018-03-19,2.4051,2.4198,2.3972,2.4153,CLP
2018-03-20,2.4156,2.4209,2.3958,2.3973,CLP
2018-03-21,2.3975,2.4082,2.3786,2.3939,CLP
2018-03-22,2.3937,2.4053,2.3853,2.4007,CLP
2018-03-23,2.4005,2.4108,2.3939,2.4018,CLP
2018-03-26,2.4034,2.4196,2.4015,2.4039,CLP
2018-03-27,2.4058,2.4159,2.3935,2.4038,CLP
2018-03-28,2.4061,2.4106,2.3784,2.3798,CLP
2018-03-29,2.3821,2.3893,2.3746,2.378,CLP
2018-03-30,2.378,2.3857,2.3761,2.3803,CLP
2018-04-02,2.3832,2.3902,2.3742,2.3822,CLP
2018-04-03,2.3847,2.3937,2.3689,2.3733,CLP
2018-04-04,2.3714,2.395,2.3674,2.3779,CLP
2018-04-05,2.3779,2.3824,2.3657,2.3744,CLP
2018-04-06,2.3737,2.3841,2.3641,2.3767,CLP
2018-04-09,2.3767,2.3957,2.3719,2.3906,CLP
2018-04-10,2.3896,2.3947,2.3794,2.3826,CLP
2018-04-11,2.3825,2.394,2.3664,2.3744,CLP
2018-04-12,2.3744,2.3771,2.3527,2.3622,CLP
2018-04-13,2.3624,2.3717,2.3522,2.3658,CLP
2018-04-16,2.366,2.3836,2.363,2.3786,CLP
2018-04-17,2.3782,2.3857,2.3629,2.3762,CLP
2018-04-18,2.3763,2.3821,2.367,2.3687,CLP
2018-04-19,2.3693,2.3771,2.3622,2.3693,CLP
2018-04-20,2.3708,2.3731,2.3548,2.3564,CLP
2018-04-23,2.3561,2.3601,2.3401,2.3567,CLP
2018-04-24,2.3565,2.3626,2.3386,2.3437,CLP
2018-04-25,2.3435,2.3553,2.3316,2.3465,CLP
2018-04-26,2.3472,2.3552,2.3304,2.3317,CLP
2018-04-27,2.3321,2.3561,2.3239,2.3508,CLP
2018-04-30,2.3502,2.3688,2.3342,2.3626,CLP
2018-05-01,2.3638,2.3657,2.339,2.3445,CLP
2018-05-02,2.342,2.363,2.3401,2.3443,CLP
2018-05-03,2.3449,2.3691,2.3442,2.3623,CLP
2018-05-04,2.3617,2.3756,2.3516,2.3718,CLP
2018-05-07,2.3725,2.3891,2.3584,2.3855,CLP
2018-05-08,2.3861,2.4087,2.3723,2.3895,CLP
2018-05-09,2.389,2.3954,2.3734,2.3839,CLP
2018-05-10,2.3844,2.4019,2.3616,2.3626,CLP
2018-05-11,2.3638,2.3714,2.3392,2.3464,CLP
2018-05-14,2.3418,2.3784,2.3403,2.3649,CLP
2018-05-15,2.3645,2.3754,2.3375,2.3641,CLP
2018-05-16,2.3653,2.3718,2.3462,2.3569,CLP
2018-05-17,2.3577,2.3653,2.3443,2.3529,CLP
2018-05-18,2.3533,2.3652,2.3426,2.3582,CLP
2018-05-21,2.359,2.367,2.3394,2.3634,CLP
2018-05-22,2.362,2.3817,2.3082,2.3127,CLP
2018-05-23,2.3129,2.3152,2.2788,2.2883,CLP
2018-05-24,2.288,2.3065,2.271,2.3009,CLP
2018-05-25,2.3016,2.3043,2.2748,2.2785,CLP
2018-05-28,2.2784,2.298,2.2707,2.2781,CLP
2018-05-29,2.2778,2.2818,2.2437,2.2641,CLP
2018-05-30,2.2651,2.3015,2.2608,2.2895,CLP
2018-05-31,2.2895,2.3178,2.2856,2.3062,CLP
2018-06-01,2.3064,2.3163,2.2938,2.3004,CLP
2018-06-04,2.2997,2.3287,2.2994,2.3167,CLP
2018-06-05,2.3169,2.3365,2.3106,2.3302,CLP
2018-06-06,2.33,2.3434,2.3201,2.3253,CLP
2018-06-07,2.3266,2.3497,2.3243,2.3367,CLP
2018-06-08,2.3363,2.3413,2.3095,2.3203,CLP
2018-06-11,2.319,2.3315,2.3058,2.3243,CLP
2018-06-12,2.3246,2.3453,2.3155,2.3423,CLP
2018-06-13,2.3417,2.3458,2.3228,2.3335,CLP
2018-06-14,2.3338,2.3407,2.2824,2.2866,CLP
2018-06-15,2.2866,2.3061,2.2701,2.2773,CLP
2018-06-18,2.2765,2.2925,2.2656,2.2868,CLP
2018-06-19,2.2866,2.3102,2.262,2.3005,CLP
2018-06-20,2.3011,2.3064,2.2785,2.2884,CLP
2018-06-21,2.2877,2.2913,2.2517,2.2757,CLP
2018-06-22,2.2746,2.3081,2.2739,2.2902,CLP
2018-06-25,2.2919,2.2997,2.2787,2.2959,CLP
2018-06-26,2.2954,2.3001,2.2828,2.2902,CLP
2018-06-27,2.2896,2.2954,2.275,2.279,CLP
2018-06-28,2.2796,2.292,2.2686,2.2878,CLP
2018-06-29,2.2879,2.3245,2.2837,2.3205,CLP
2018-07-02,2.319,2.323,2.2986,2.3192,CLP
2018-07-03,2.3184,2.346,2.3093,2.3146,CLP
2018-07-04,2.3166,2.349,2.3142,2.334,CLP
2018-07-05,2.3333,2.3798,2.3316,2.3725,CLP
2018-07-06,2.3716,2.4015,2.3632,2.3874,CLP
2018-07-09,2.3877,2.4018,2.3554,2.3624,CLP
2018-07-10,2.363,2.3654,2.3374,2.3501,CLP
2018-07-11,2.3501,2.3665,2.3329,2.3427,CLP
2018-07-12,2.3428,2.3516,2.3225,2.3333,CLP
2018-07-13,2.3336,2.3555,2.3207,2.3541,CLP
2018-07-16,2.3524,2.37,2.3475,2.3569,CLP
2018-07-17,2.3577,2.3737,2.3523,2.3559,CLP
2018-07-18,2.3573,2.3639,2.3424,2.3447,CLP
2018-07-19,2.3446,2.3726,2.3209,2.3673,CLP
2018-07-20,2.3666,2.3829,2.3598,2.3793,CLP
2018-07-23,2.3816,2.3876,2.3666,2.3722,CLP
2018-07-24,2.372,2.3805,2.3409,2.3455,CLP
2018-07-25,2.3447,2.3579,2.3204,2.3274,CLP
2018-07-26,2.328,2.345,2.3226,2.3271,CLP
2018-07-27,2.3273,2.3369,2.3181,2.3254,CLP
2018-07-30,2.325,2.3358,2.3175,2.3234,CLP
2018-07-31,2.3234,2.3439,2.3215,2.3228,CLP
2018-08-01,2.3241,2.3427,2.315,2.3372,CLP
2018-08-02,2.3367,2.3401,2.316,2.3279,CLP
2018-08-03,2.3276,2.338,2.3192,2.3268,CLP
2018-08-06,2.3262,2.3428,2.3142,2.3363,CLP
2018-08-07,2.3357,2.3481,2.3194,2.331,CLP
2018-08-08,2.3309,2.3472,2.3295,2.3446,CLP
2018-08-09,2.3455,2.3491,2.3216,2.3255,CLP
2018-08-10,2.3259,2.3305,2.2892,2.3092,CLP
2018-08-13,2.3104,2.3335,2.2838,2.331,CLP
2018-08-14,2.3304,2.3439,2.3198,2.334,CLP
2018-08-15,2.3334,2.3399,2.3079,2.3352,CLP
2018-08-16,2.3356,2.3589,2.3317,2.3536,CLP
2018-08-17,2.3528,2.3753,2.3466,2.3668,CLP
2018-08-20,2.3654,2.3785,2.3406,2.3696,CLP
2018-08-21,2.3697,2.3867,2.3586,2.3759,CLP
2018-08-22,2.377,2.3897,2.3647,2.3785,CLP
2018-08-23,2.3782,2.3855,2.3576,2.3819,CLP
2018-08-24,2.3807,2.3939,2.3669,2.3741,CLP
2018-08-27,2.3728,2.3832,2.3544,2.3768,CLP
2018-08-28,2.377,2.401,2.3663,2.3936,CLP
2018-08-29,2.3931,2.4022,2.3789,2.4001,CLP
2018-08-30,2.4008,2.4323,2.3862,2.4258,CLP
2018-08-31,2.4261,2.4409,2.411,2.4211,CLP
2018-09-03,2.4205,2.4392,2.4173,2.4291,CLP
2018-09-04,2.4272,2.456,2.4055,2.4453,CLP
2018-09-05,2.4454,2.4679,2.4271,2.4363,CLP
2018-09-06,2.4364,2.4602,2.4249,2.4495,CLP
2018-09-07,2.451,2.4677,2.4418,2.4565,CLP
2018-09-10,2.4547,2.4932,2.4433,2.4843,CLP
2018-09-11,2.4845,2.5018,2.4804,2.4915,CLP
2018-09-12,2.4922,2.4941,2.455,2.4651,CLP
2018-09-13,2.4647,2.4701,2.4457,2.4604,CLP
2018-09-14,2.4601,2.4752,2.4551,2.4583,CLP
2018-09-17,2.459,2.4823,2.4541,2.4688,CLP
2018-09-18,2.4691,2.4899,2.4583,2.463,CLP
2018-09-19,2.4625,2.479,2.4539,2.4554,CLP
2018-09-20,2.4554,2.4734,2.424,2.428,CLP
2018-09-21,2.4291,2.4375,2.4053,2.415,CLP
2018-09-24,2.4148,2.4474,2.4082,2.444,CLP
2018-09-25,2.4442,2.4562,2.4167,2.42,CLP
2018-09-26,2.4192,2.4287,2.3973,2.4055,CLP
2018-09-27,2.4049,2.41,2.3712,2.3735,CLP
2018-09-28,2.3744,2.378,2.3504,2.3605,CLP
2018-10-01,2.359,2.366,2.3411,2.3607,CLP
2018-10-02,2.36,2.3678,2.3377,2.3648,CLP
2018-10-03,2.3655,2.3792,2.3493,2.3599,CLP
2018-10-04,2.3601,2.3994,2.3491,2.3975,CLP
2018-10-05,2.3975,2.4038,2.372,2.399,CLP
2018-10-08,2.3983,2.4112,2.3818,2.398,CLP
2018-10-09,2.3976,2.4233,2.3847,2.4108,CLP
2018-10-10,2.4104,2.4385,2.4034,2.4335,CLP
2018-10-11,2.4341,2.4548,2.4219,2.4379,CLP
2018-10-12,2.4369,2.4442,2.4042,2.4244,CLP
2018-10-15,2.4228,2.4442,2.419,2.4268,CLP
2018-10-16,2.4259,2.44,2.4017,2.4066,CLP
2018-10-17,2.4059,2.4089,2.3899,2.4042,CLP
2018-10-18,2.4041,2.4185,2.3913,2.3939,CLP
2018-10-19,2.3946,2.4282,2.3855,2.4223,CLP
2018-10-22,2.4219,2.435,2.4068,2.4238,CLP
2018-10-23,2.4234,2.4424,2.4144,2.4217,CLP
2018-10-24,2.4221,2.4349,2.4041,2.4315,CLP
2018-10-25,2.4325,2.4409,2.4072,2.4129,CLP
2018-10-26,2.4132,2.4289,2.401,2.4182,CLP
2018-10-29,2.4165,2.4322,2.4015,2.428,CLP
2018-10-30,2.4282,2.4364,2.4188,2.4236,CLP
2018-10-31,2.424,2.444,2.4162,2.4253,CLP
2018-11-01,2.4252,2.4565,2.422,2.4332,CLP
2018-11-02,2.4341,2.454,2.4251,2.4269,CLP
2018-11-05,2.4263,2.4312,2.4007,2.4072,CLP
2018-11-06,2.4072,2.4215,2.4007,2.4152,CLP
2018-11-07,2.4149,2.4349,2.4002,2.4013,CLP
2018-11-08,2.4015,2.4158,2.3893,2.3988,CLP
2018-11-09,2.3982,2.4202,2.3876,2.4127,CLP
2018-11-12,2.4125,2.4125,2.3897,2.3948,CLP
2018-11-13,2.3951,2.4224,2.3893,2.418,CLP
2018-11-14,2.4177,2.4251,2.3904,2.3937,CLP
2018-11-15,2.3936,2.4067,2.3677,2.3698,CLP
2018-11-16,2.3698,2.386,2.3677,2.378,CLP
2018-11-19,2.3767,2.3931,2.3667,2.3866,CLP
2018-11-20,2.3864,2.3935,2.3712,2.3758,CLP
2018-11-21,2.3763,2.3874,2.3558,2.3585,CLP
2018-11-22,2.3588,2.377,2.3565,2.3725,CLP
2018-11-23,2.3735,2.3826,2.3561,2.372,CLP
2018-11-26,2.3737,2.387,2.3662,2.3706,CLP
2018-11-27,2.3702,2.3752,2.3457,2.3542,CLP
2018-11-28,2.3545,2.3728,2.332,2.37,CLP
2018-11-29,2.3691,2.384,2.3443,2.3605,CLP
2018-11-30,2.3598,2.3651,2.3434,2.3487,CLP
2018-12-03,2.3497,2.3711,2.3308,2.3551,CLP
2018-12-04,2.355,2.3685,2.3392,2.3502,CLP
2018-12-05,2.3502,2.3672,2.3413,2.3599,CLP
2018-12-06,2.3597,2.3953,2.35,2.3791,CLP
2018-12-07,2.3786,2.3857,2.3662,2.3758,CLP
2018-12-10,2.3761,2.3941,2.3761,2.3813,CLP
2018-12-11,2.3814,2.3952,2.3787,2.3902,CLP
2018-12-12,2.3902,2.3969,2.3744,2.3872,CLP
2018-12-13,2.3862,2.4005,2.3794,2.395,CLP
2018-12-14,2.3952,2.4017,2.3756,2.3884,CLP
2018-12-17,2.3885,2.4196,2.3859,2.4146,CLP
2018-12-18,2.4144,2.4362,2.4117,2.4328,CLP
2018-12-19,2.4334,2.4469,2.4248,2.4345,CLP
2018-12-20,2.4343,2.471,2.4327,2.4613,CLP
2018-12-21,2.4613,2.4705,2.4438,2.448,CLP
2018-12-24,2.4469,2.4728,2.4454,2.4483,CLP
2018-12-25,2.4474,2.4531,2.4457,2.4472,CLP
2018-12-26,2.4474,2.4764,2.4423,2.4531,CLP
2018-12-27,2.4528,2.4927,2.4485,2.4827,CLP
2018-12-28,2.483,2.4924,2.4604,2.4703,CLP
2018-12-31,2.4743,2.4811,2.467,2.4787,CLP
2019-01-01,2.4781,2.4796,2.4733,2.476,CLP
2019-01-02,2.4735,2.4822,2.4494,2.4525,CLP
2019-01-03,2.4526,2.4758,2.4418,2.46,CLP
2019-01-04,2.4598,2.4685,2.418,2.4194,CLP
2019-01-07,2.4204,2.4388,2.4118,2.4341,CLP
2019-01-08,2.4341,2.4371,2.4078,2.4198,CLP
2019-01-09,2.42,2.4361,2.4109,2.4273,CLP
2019-01-10,2.4274,2.4405,2.4158,2.4188,CLP
2019-01-11,2.4187,2.428,2.4031,2.4109,CLP
2019-01-14,2.4101,2.4228,2.3978,2.4016,CLP
2019-01-15,2.4016,2.4069,2.3721,2.3865,CLP
2019-01-16,2.3864,2.3975,2.3697,2.3712,CLP
2019-01-17,2.3712,2.4009,2.3632,2.3904,CLP
2019-01-18,2.3903,2.407,2.3884,2.3981,CLP
2019-01-21,2.3986,2.4119,2.397,2.4063,CLP
2019-01-22,2.4061,2.4108,2.3925,2.4059,CLP
2019-01-23,2.4058,2.4127,2.3945,2.4055,CLP
2019-01-24,2.4057,2.4089,2.3777,2.3838,CLP
2019-01-25,2.3838,2.408,2.3755,2.4049,CLP
2019-01-28,2.4032,2.4259,2.3972,2.4161,CLP
2019-01-29,2.4155,2.4228,2.4006,2.4061,CLP
2019-01-30,2.4053,2.4243,2.4005,2.4148,CLP
2019-01-31,2.4152,2.4253,2.3678,2.3756,CLP
2019-02-01,2.3769,2.381,2.3531,2.36,CLP
2019-02-04,2.3592,2.3672,2.3409,2.3506,CLP
2019-02-05,2.35,2.3559,2.3312,2.3394,CLP
2019-02-06,2.3395,2.3472,2.3259,2.3345,CLP
2019-02-07,2.3346,2.3451,2.3163,2.3418,CLP
2019-02-08,2.3417,2.345,2.3315,2.3366,CLP
2019-02-11,2.3362,2.3404,2.3244,2.3325,CLP
2019-02-12,2.3327,2.3561,2.3319,2.351,CLP
2019-02-13,2.3511,2.3595,2.34,2.3422,CLP
2019-02-14,2.3421,2.3632,2.337,2.3567,CLP
2019-02-15,2.3567,2.3592,2.3432,2.3504,CLP
2019-02-18,2.3498,2.3605,2.3449,2.351,CLP
2019-02-19,2.3518,2.3542,2.3359,2.3413,CLP
2019-02-20,2.3409,2.3474,2.3333,2.3344,CLP
2019-02-21,2.3347,2.3466,2.3293,2.3353,CLP
2019-02-22,2.3349,2.3424,2.3173,2.3226,CLP
2019-02-25,2.322,2.3327,2.3138,2.3245,CLP
2019-02-26,2.3249,2.3373,2.3215,2.3321,CLP
2019-02-27,2.3315,2.3473,2.326,2.3345,CLP
2019-02-28,2.334,2.3672,2.3314,2.3611,CLP
2019-03-01,2.3614,2.3761,2.3544,2.3719,CLP
2019-03-04,2.3711,2.3769,2.3542,2.3711,CLP
2019-03-05,2.3716,2.3735,2.3504,2.3573,CLP
2019-03-06,2.3572,2.3702,2.3477,2.3667,CLP
2019-03-07,2.368,2.3758,2.3564,2.3634,CLP
2019-03-08,2.3629,2.4016,2.3599,2.3908,CLP
2019-03-11,2.3908,2.3965,2.3763,2.3895,CLP
2019-03-12,2.3883,2.3986,2.3802,2.3833,CLP
2019-03-13,2.3841,2.4106,2.3805,2.4081,CLP
2019-03-14,2.4076,2.42,2.4009,2.4152,CLP
2019-03-15,2.4158,2.4219,2.4055,2.4137,CLP
2019-03-18,2.4137,2.4207,2.4002,2.4049,CLP
2019-03-19,2.4053,2.4216,2.4007,2.42,CLP
2019-03-20,2.4205,2.4247,2.4051,2.4101,CLP
2019-03-21,2.4098,2.4181,2.3879,2.4107,CLP
2019-03-22,2.4107,2.4299,2.3832,2.418,CLP
2019-03-25,2.4204,2.4376,2.4192,2.4302,CLP
2019-03-26,2.4321,2.4402,2.4014,2.4041,CLP
2019-03-27,2.407,2.4181,2.393,2.3926,CLP
2019-03-28,2.3958,2.4005,2.3784,2.3854,CLP
2019-03-29,2.3879,2.3949,2.3651,2.3737,CLP
2019-04-01,2.3768,2.3865,2.3289,2.3281,CLP
2019-04-02,2.3312,2.3501,2.3201,2.3461,CLP
2019-04-03,2.3491,2.3719,2.3341,2.3415,CLP
2019-04-04,2.3447,2.3497,2.327,2.3286,CLP
2019-04-05,2.3318,2.3358,2.3136,2.3204,CLP
2019-04-08,2.3236,2.3298,2.3155,2.3268,CLP
2019-04-09,2.3282,2.3343,2.3156,2.3197,CLP
2019-04-10,2.3227,2.3315,2.3142,2.3193,CLP
2019-04-11,2.3227,2.328,2.3173,2.3164,CLP
2019-04-12,2.3194,2.3356,2.3149,2.3219,CLP
2019-04-15,2.3233,2.3459,2.3215,2.3295,CLP
2019-04-16,2.3321,2.3497,2.3298,2.3327,CLP
2019-04-17,2.3354,2.3483,2.3281,2.34,CLP
2019-04-18,2.343,2.3444,2.32,2.3217,CLP
2019-04-19,2.3247,2.3294,2.321,2.3225,CLP
2019-04-22,2.326,2.3379,2.3226,2.3317,CLP
2019-04-23,2.3347,2.3421,2.326,2.3362,CLP
2019-04-24,2.3394,2.3503,2.328,2.3308,CLP
2019-04-25,2.3336,2.3447,2.319,2.3284,CLP
2019-04-26,2.3314,2.3484,2.3282,2.3317,CLP
2019-04-29,2.3333,2.352,2.327,2.3438,CLP
2019-04-30,2.3464,2.361,2.3411,2.3439,CLP
2019-05-01,2.3469,2.3575,2.3375,2.336,CLP
2019-05-02,2.3396,2.366,2.337,2.3467,CLP
2019-05-03,2.3495,2.3549,2.3419,2.343,CLP
2019-05-06,2.3458,2.3635,2.3377,2.345,CLP
2019-05-07,2.3477,2.3652,2.3368,2.3604,CLP
2019-05-08,2.3631,2.3753,2.3596,2.3595,CLP
2019-05-09,2.3614,2.3902,2.3545,2.3658,CLP
2019-05-10,2.3688,2.3923,2.3674,2.3824,CLP
2019-05-13,2.3853,2.4165,2.372,2.3989,CLP
2019-05-14,2.4014,2.4077,2.3867,2.3866,CLP
2019-05-15,2.3893,2.3961,2.3768,2.3839,CLP
2019-05-16,2.3867,2.3965,2.3792,2.3872,CLP
2019-05-17,2.3912,2.3945,2.3748,2.3818,CLP
2019-05-20,2.3858,2.3953,2.3778,2.3784,CLP
2019-05-21,2.381,2.3835,2.3676,2.3753,CLP
2019-05-22,2.3774,2.3877,2.3702,2.3817,CLP
2019-05-23,2.3839,2.3898,2.3721,2.3846,CLP
2019-05-24,2.3874,2.3956,2.3823,2.3864,CLP
2019-05-27,2.3877,2.4014,2.3791,2.3979,CLP
2019-05-28,2.4002,2.422,2.3883,2.4105,CLP
2019-05-29,2.4134,2.427,2.4056,2.4049,CLP
2019-05-30,2.4072,2.4365,2.4053,2.4312,CLP
2019-05-31,2.4339,2.462,2.4211,2.437,CLP
2019-06-03,2.4393,2.4586,2.4329,2.444,CLP
2019-06-04,2.4468,2.4609,2.4208,2.4197,CLP
2019-06-05,2.4221,2.4406,2.4162,2.4142,CLP
2019-06-06,2.417,2.4446,2.416,2.4305,CLP
2019-06-07,2.432,2.4576,2.4224,2.4501,CLP
2019-06-10,2.4532,2.4772,2.4405,2.4696,CLP
2019-06-11,2.4729,2.4769,2.4396,2.4388,CLP
2019-06-12,2.4443,2.4494,2.4328,2.4345,CLP
2019-06-13,2.4372,2.4434,2.4311,2.4359,CLP
2019-06-14,2.4386,2.442,2.4297,2.4288,CLP
2019-06-17,2.4324,2.446,2.4299,2.4328,CLP
2019-06-18,2.4358,2.4438,2.4042,2.4074,CLP
2019-06-19,2.4098,2.4134,2.3872,2.3945,CLP
2019-06-20,2.3976,2.415,2.3767,2.3874,CLP
2019-06-21,2.3905,2.4034,2.376,2.3946,CLP
2019-06-24,2.3988,2.4069,2.3922,2.3938,CLP
2019-06-25,2.397,2.4009,2.376,2.3935,CLP
2019-06-26,2.3966,2.4004,2.3821,2.3851,CLP
2019-06-27,2.3883,2.3957,2.3789,2.384,CLP
2019-06-28,2.3883,2.3977,2.3811,2.382,CLP
2019-07-01,2.3842,2.3866,2.3655,2.3693,CLP
2019-07-02,2.3743,2.3895,2.3725,2.3737,CLP
2019-07-03,2.3772,2.3893,2.3708,2.3704,CLP
2019-07-04,2.3733,2.3774,2.3603,2.3706,CLP
2019-07-05,2.3736,2.3758,2.356,2.3659,CLP
2019-07-08,2.369,2.3766,2.3516,2.3731,CLP
2019-07-09,2.3756,2.3826,2.3622,2.3654,CLP
2019-07-10,2.3684,2.3743,2.3591,2.3665,CLP
2019-07-11,2.3704,2.3772,2.3477,2.3464,CLP
2019-07-12,2.3505,2.3579,2.3454,2.3479,CLP
2019-07-15,2.3519,2.3589,2.3419,2.3484,CLP
2019-07-16,2.3519,2.3534,2.3357,2.3413,CLP
2019-07-17,2.3454,2.3486,2.3351,2.3425,CLP
2019-07-18,2.3454,2.3639,2.3409,2.3589,CLP
2019-07-19,2.362,2.379,2.3503,2.3735,CLP
2019-07-22,2.3758,2.3819,2.3702,2.3714,CLP
2019-07-23,2.3743,2.3763,2.3619,2.363,CLP
2019-07-24,2.3658,2.3747,2.3605,2.362,CLP
2019-07-25,2.3648,2.3825,2.3503,2.376,CLP
2019-07-26,2.3795,2.3832,2.3599,2.3639,CLP
2019-07-29,2.366,2.3749,2.3598,2.3622,CLP
2019-07-30,2.3661,2.3905,2.3637,2.3754,CLP
2019-07-31,2.3796,2.3986,2.377,2.3877,CLP
2019-08-01,2.3897,2.399,2.3755,2.3894,CLP
2019-08-02,2.3926,2.4253,2.3879,2.4162,CLP
2019-08-05,2.419,2.4841,2.4181,2.468,CLP
2019-08-06,2.4713,2.4826,2.4557,2.4616,CLP
2019-08-07,2.4641,2.4883,2.4543,2.4509,CLP
2019-08-08,2.4543,2.4669,2.4464,2.4447,CLP
2019-08-09,2.4476,2.4666,2.4454,2.4486,CLP
2019-08-12,2.4514,2.4903,2.4413,2.4656,CLP
2019-08-13,2.4686,2.4812,2.4271,2.4266,CLP
2019-08-14,2.4308,2.4402,2.4174,2.4295,CLP
2019-08-15,2.4341,2.4394,2.4201,2.4229,CLP
2019-08-16,2.4267,2.4309,2.4121,2.4163,CLP
2019-08-19,2.42,2.4276,2.4074,2.4182,CLP
2019-08-20,2.4209,2.4262,2.3989,2.4008,CLP
2019-08-21,2.4039,2.4153,2.3951,2.4072,CLP
2019-08-22,2.4098,2.4187,2.4004,2.4115,CLP
2019-08-23,2.4144,2.4378,2.4037,2.4332,CLP
2019-08-26,2.4356,2.4408,2.4225,2.4233,CLP
2019-08-27,2.4262,2.4385,2.422,2.43,CLP
2019-08-28,2.4331,2.44,2.419,2.424,CLP
2019-08-29,2.4269,2.431,2.3973,2.401,CLP
2019-08-30,2.405,2.4079,2.3827,2.3894,CLP
2019-09-02,2.3929,2.4075,2.3862,2.3985,CLP
2019-09-03,2.4027,2.4169,2.3922,2.4096,CLP
2019-09-04,2.4124,2.4342,2.4101,2.4179,CLP
2019-09-05,2.4221,2.43,2.3855,2.3929,CLP
2019-09-06,2.3951,2.4001,2.3698,2.3742,CLP
2019-09-09,2.3775,2.4028,2.3712,2.3874,CLP
2019-09-10,2.3909,2.3939,2.3681,2.3685,CLP
2019-09-11,2.3714,2.3767,2.3481,2.3711,CLP
2019-09-12,2.374,2.3848,2.3482,2.3556,CLP
2019-09-13,2.3579,2.3739,2.3551,2.3613,CLP
2019-09-16,2.3646,2.3677,2.3439,2.3491,CLP
2019-09-17,2.3526,2.3811,2.3387,2.37,CLP
2019-09-18,2.373,2.3844,2.3667,2.3672,CLP
2019-09-19,2.3715,2.3905,2.3677,2.377,CLP
2019-09-20,2.379,2.3872,2.3613,2.367,CLP
2019-09-23,2.3696,2.3805,2.3459,2.3627,CLP
2019-09-24,2.3668,2.3928,2.3586,2.3855,CLP
2019-09-25,2.3892,2.3926,2.3755,2.3773,CLP
2019-09-26,2.3802,2.3872,2.3614,2.3609,CLP
2019-09-27,2.3646,2.3769,2.3586,2.366,CLP
2019-09-30,2.3707,2.3772,2.3619,2.3688,CLP
2019-10-01,2.3721,2.3843,2.364,2.3737,CLP
2019-10-02,2.3763,2.3933,2.3728,2.3758,CLP
2019-10-03,2.3784,2.3893,2.3627,2.3613,CLP
2019-10-04,2.3644,2.3705,2.3516,2.3561,CLP
2019-10-07,2.3602,2.3684,2.3515,2.363,CLP
2019-10-08,2.3658,2.3821,2.36,2.3787,CLP
2019-10-09,2.3811,2.3881,2.3725,2.3727,CLP
2019-10-10,2.3756,2.3956,2.3751,2.378,CLP
2019-10-11,2.3813,2.3985,2.3571,2.3579,CLP
2019-10-14,2.3617,2.3772,2.3523,2.3674,CLP
2019-10-15,2.3719,2.3819,2.3563,2.3731,CLP
2019-10-16,2.3775,2.3925,2.3649,2.3834,CLP
2019-10-17,2.3867,2.4071,2.3812,2.3893,CLP
2019-10-18,2.3917,2.4039,2.3826,2.3969,CLP
2019-10-21,2.3979,2.4615,2.3933,2.4514,CLP
2019-10-22,2.456,2.4634,2.4417,2.4451,CLP
2019-10-23,2.4492,2.4691,2.4374,2.4598,CLP
2019-10-24,2.4646,2.4717,2.4351,2.4384,CLP
2019-10-25,2.4436,2.461,2.4413,2.4459,CLP
2019-10-28,2.4504,2.4662,2.4378,2.4452,CLP
2019-10-29,2.4483,2.4615,2.4362,2.4494,CLP
2019-10-30,2.451,2.5052,2.4498,2.4978,CLP
2019-10-31,2.5031,2.5224,2.4985,2.5113,CLP
2019-11-01,2.5167,2.5531,2.5115,2.5185,CLP
2019-11-04,2.5221,2.5252,2.4913,2.5014,CLP
2019-11-05,2.5052,2.5117,2.4939,2.4966,CLP
2019-11-06,2.5013,2.5063,2.4651,2.4637,CLP
2019-11-07,2.4676,2.4749,2.4462,2.4612,CLP
2019-11-08,2.465,2.4757,2.4531,2.467,CLP
2019-11-11,2.4713,2.5132,2.4632,2.5031,CLP
2019-11-12,2.507,2.6398,2.4999,2.563,CLP
2019-11-13,2.5663,2.6301,2.5631,2.6136,CLP
2019-11-14,2.6186,2.6617,2.6009,2.6432,CLP
2019-11-15,2.6491,2.6523,2.5556,2.5544,CLP
2019-11-18,2.5556,2.5733,2.478,2.5585,CLP
2019-11-19,2.5626,2.6263,2.5508,2.6158,CLP
2019-11-20,2.6209,2.6616,2.6101,2.621,CLP
2019-11-21,2.626,2.6562,2.6229,2.6266,CLP
2019-11-22,2.6305,2.6507,2.6195,2.6288,CLP
2019-11-25,2.6342,2.6407,2.584,2.5937,CLP
2019-11-26,2.5977,2.6255,2.5852,2.6135,CLP
2019-11-27,2.6177,2.6828,2.6098,2.6693,CLP
2019-11-28,2.6749,2.7453,2.6714,2.7089,CLP
2019-11-29,2.715,2.7323,2.6247,2.6416,CLP
2019-12-02,2.6487,2.6892,2.6353,2.6786,CLP
2019-12-03,2.6813,2.6981,2.6663,2.6784,CLP
2019-12-04,2.6837,2.6894,2.6282,2.6295,CLP
2019-12-05,2.6343,2.6421,2.6156,2.6198,CLP
2019-12-06,2.6253,2.632,2.591,2.5899,CLP
2019-12-09,2.5944,2.5977,2.5599,2.5752,CLP
2019-12-10,2.578,2.6176,2.577,2.6099,CLP
2019-12-11,2.6142,2.6205,2.5754,2.5916,CLP
2019-12-12,2.5971,2.6059,2.5847,2.5902,CLP
2019-12-13,2.5936,2.6173,2.5708,2.5745,CLP
2019-12-16,2.5789,2.5984,2.5745,2.5777,CLP
2019-12-17,2.5812,2.5839,2.5494,2.5503,CLP
2019-12-18,2.5533,2.5552,2.5222,2.5212,CLP
2019-12-19,2.5255,2.5425,2.5213,2.534,CLP
2019-12-20,2.538,2.5415,2.501,2.5343,CLP
2019-12-23,2.5377,2.5406,2.5148,2.5141,CLP
2019-12-24,2.5183,2.5208,2.4942,2.4947,CLP
2019-12-25,2.4986,2.5089,2.4982,2.5067,CLP
2019-12-26,2.5089,2.5203,2.4936,2.497,CLP
2019-12-27,2.5027,2.5352,2.4946,2.5272,CLP
2019-12-30,2.531,2.5568,2.5113,2.5419,CLP
2019-12-31,2.5485,2.5605,2.544,2.5431,CLP
2020-01-01,2.5468,2.5494,2.5463,2.5446,CLP
2020-01-02,2.5482,2.5666,2.5417,2.5411,CLP
2020-01-03,2.545,2.5922,2.5255,2.5826,CLP
2020-01-06,2.5863,2.6327,2.5835,2.6221,CLP
2020-01-07,2.6267,2.6279,2.581,2.5842,CLP
2020-01-08,2.5865,2.5987,2.5419,2.541,CLP
2020-01-09,2.5436,2.5677,2.5326,2.5616,CLP
2020-01-10,2.5659,2.5798,2.545,2.571,CLP
2020-01-13,2.576,2.5956,2.5655,2.581,CLP
2020-01-14,2.5842,2.6024,2.5593,2.5731,CLP
2020-01-15,2.5771,2.6026,2.5684,2.5942,CLP
2020-01-16,2.5977,2.6007,2.5726,2.5797,CLP
2020-01-17,2.5838,2.5861,2.5394,2.5488,CLP
2020-01-20,2.5531,2.5591,2.5325,2.5492,CLP
2020-01-21,2.5556,2.5725,2.5419,2.5633,CLP
2020-01-22,2.5681,2.5708,2.5371,2.5402,CLP
2020-01-23,2.5438,2.5522,2.5212,2.5448,CLP
2020-01-24,2.548,2.56,2.5417,2.5437,CLP
2020-01-27,2.5508,2.5842,2.5405,2.5712,CLP
2020-01-28,2.5748,2.5835,2.5564,2.5585,CLP
2020-01-29,2.5617,2.5902,2.5542,2.5808,CLP
2020-01-30,2.5846,2.6137,2.5773,2.6037,CLP
2020-01-31,2.607,2.636,2.6021,2.6273,CLP
2020-02-03,2.6307,2.6328,2.5689,2.5778,CLP
2020-02-04,2.5837,2.5901,2.556,2.5678,CLP
2020-02-05,2.5705,2.5719,2.5329,2.5313,CLP
2020-02-06,2.5357,2.5552,2.5277,2.5421,CLP
2020-02-07,2.547,2.5775,2.5302,2.5588,CLP
2020-02-10,2.5614,2.5893,2.5585,2.5584,CLP
2020-02-11,2.5626,2.5679,2.5448,2.5502,CLP
2020-02-12,2.5521,2.5561,2.5206,2.527,CLP
2020-02-13,2.5303,2.5694,2.5271,2.5459,CLP
2020-02-14,2.5491,2.5756,2.5452,2.5531,CLP
2020-02-17,2.5567,2.5709,2.5484,2.5596,CLP
2020-02-18,2.5621,2.5789,2.5549,2.5617,CLP
2020-02-19,2.5647,2.5801,2.5487,2.5504,CLP
2020-02-20,2.5543,2.5894,2.5413,2.5711,CLP
2020-02-21,2.5744,2.6091,2.5726,2.5816,CLP
2020-02-24,2.5858,2.6057,2.5652,2.589,CLP
2020-02-25,2.5935,2.616,2.5821,2.6084,CLP
2020-02-26,2.6126,2.6202,2.5839,2.5962,CLP
2020-02-27,2.6011,2.6535,2.6002,2.6364,CLP
2020-02-28,2.6402,2.6789,2.6274,2.6632,CLP
2020-03-02,2.667,2.7209,2.6639,2.6755,CLP
2020-03-03,2.6797,2.7115,2.6637,2.6997,CLP
2020-03-04,2.7041,2.7211,2.6701,2.7153,CLP
2020-03-05,2.7188,2.7571,2.712,2.7507,CLP
2020-03-06,2.7528,2.8219,2.7465,2.7801,CLP
2020-03-09,2.7816,2.8853,2.7761,2.8473,CLP
2020-03-10,2.8535,2.8598,2.8026,2.8023,CLP
2020-03-11,2.8073,2.8356,2.7998,2.8091,CLP
2020-03-12,2.814,2.8572,2.7733,2.8019,CLP
2020-03-13,2.8078,2.8194,2.7188,2.7452,CLP
2020-03-16,2.7466,2.7982,2.7252,2.7656,CLP
2020-03-17,2.7717,2.7773,2.6641,2.6817,CLP
2020-03-18,2.6837,2.7012,2.6443,2.6784,CLP
2020-03-19,2.6806,2.692,2.5681,2.5782,CLP
2020-03-20,2.5808,2.6632,2.5634,2.6304,CLP
2020-03-23,2.6307,2.6634,2.5972,2.6248,CLP
2020-03-24,2.6272,2.6762,2.5431,2.5592,CLP
2020-03-25,2.5666,2.6158,2.5564,2.6021,CLP
2020-03-26,2.6039,2.6181,2.5624,2.5738,CLP
2020-03-27,2.5754,2.6126,2.5624,2.6064,CLP
2020-03-30,2.6087,2.6461,2.5733,2.6373,CLP
2020-03-31,2.6437,2.6498,2.5756,2.6091,CLP
2020-04-01,2.6153,2.6226,2.547,2.5995,CLP
2020-04-02,2.6065,2.6411,2.5509,2.5671,CLP
2020-04-03,2.5735,2.5766,2.5327,2.556,CLP
2020-04-06,2.557,2.5865,2.5153,2.5178,CLP
2020-04-07,2.522,2.6179,2.5178,2.607,CLP
2020-04-08,2.6096,2.6232,2.5526,2.55,CLP
2020-04-09,2.5553,2.6192,2.5515,2.5956,CLP
2020-04-10,2.601,2.6156,2.5928,2.598,CLP
2020-04-13,2.602,2.63,2.5707,2.6173,CLP
2020-04-14,2.6228,2.6641,2.6195,2.6457,CLP
2020-04-15,2.6512,2.6825,2.6335,2.6448,CLP
2020-04-16,2.6514,2.6727,2.6209,2.6218,CLP
2020-04-17,2.6286,2.6443,2.5937,2.6215,CLP
2020-04-20,2.6288,2.6491,2.6082,2.6353,CLP
2020-04-21,2.6405,2.6575,2.6081,2.6276,CLP
2020-04-22,2.633,2.6377,2.5863,2.5987,CLP
2020-04-23,2.6021,2.6144,2.5761,2.587,CLP
2020-04-24,2.5907,2.6283,2.5792,2.6046,CLP
2020-04-27,2.6079,2.6312,2.6,2.6077,CLP
2020-04-28,2.611,2.6364,2.5515,2.5518,CLP
2020-04-29,2.5559,2.5846,2.5477,2.5537,CLP
2020-04-30,2.5575,2.6126,2.5521,2.5858,CLP
2020-05-01,2.5912,2.6105,2.5821,2.5865,CLP
2020-05-04,2.5921,2.6084,2.5704,2.5781,CLP
2020-05-05,2.5836,2.6005,2.5715,2.5779,CLP
2020-05-06,2.5833,2.6012,2.5732,2.593,CLP
2020-05-07,2.5962,2.6034,2.5652,2.5805,CLP
2020-05-08,2.5854,2.5996,2.557,2.561,CLP
2020-05-11,2.5642,2.5684,2.5364,2.536,CLP
2020-05-12,2.5412,2.5533,2.5315,2.5425,CLP
2020-05-13,2.5454,2.5505,2.4917,2.4931,CLP
2020-05-14,2.496,2.5189,2.4811,2.5044,CLP
2020-05-15,2.5074,2.5273,2.4999,2.52,CLP
2020-05-18,2.5235,2.5408,2.5122,2.5276,CLP
2020-05-19,2.531,2.5706,2.5261,2.553,CLP
2020-05-20,2.5566,2.5648,2.5111,2.5213,CLP
2020-05-21,2.5241,2.5422,2.5117,2.5238,CLP
2020-05-22,2.528,2.532,2.4987,2.5179,CLP
2020-05-25,2.5185,2.5195,2.4857,2.4959,CLP
2020-05-26,2.4992,2.5522,2.4959,2.5429,CLP
2020-05-27,2.5468,2.591,2.5266,2.5864,CLP
2020-05-28,2.5894,2.5976,2.5615,2.5609,CLP
2020-05-29,2.5642,2.5965,2.554,2.5553,CLP
2020-06-01,2.5592,2.5886,2.5505,2.5558,CLP
2020-06-02,2.5596,2.5765,2.5117,2.51,CLP
2020-06-03,2.5136,2.5641,2.4846,2.5539,CLP
2020-06-04,2.5575,2.5716,2.5146,2.5316,CLP
2020-06-05,2.5352,2.5482,2.4929,2.5136,CLP
2020-06-08,2.5171,2.538,2.5105,2.5183,CLP
2020-06-09,2.5233,2.5538,2.5027,2.5309,CLP
2020-06-10,2.5359,2.5679,2.5262,2.5575,CLP
2020-06-11,2.5614,2.5979,2.5394,2.5864,CLP
2020-06-12,2.59,2.6044,2.5565,2.5689,CLP
2020-06-15,2.5729,2.6071,2.5494,2.5563,CLP
2020-06-16,2.5601,2.574,2.5208,2.5544,CLP
2020-06-17,2.558,2.62,2.5522,2.6082,CLP
2020-06-18,2.613,2.6546,2.6032,2.6444,CLP
2020-06-19,2.6473,2.6688,2.6305,2.6366,CLP
2020-06-22,2.6395,2.667,2.6166,2.6552,CLP
2020-06-23,2.6583,2.6688,2.6337,2.6489,CLP
2020-06-24,2.6523,2.6579,2.6116,2.6153,CLP
2020-06-25,2.6191,2.6225,2.558,2.5567,CLP
2020-06-26,2.5596,2.5948,2.5439,2.5905,CLP
2020-06-29,2.5954,2.6086,2.5766,2.5849,CLP
2020-06-30,2.5914,2.6127,2.5703,2.6067,CLP
2020-07-01,2.6082,2.6169,2.5782,2.5767,CLP
2020-07-02,2.5792,2.6,2.554,2.5592,CLP
2020-07-03,2.5621,2.5668,2.5352,2.5514,CLP
2020-07-06,2.5543,2.5771,2.5452,2.5611,CLP
2020-07-07,2.5656,2.5721,2.5066,2.5081,CLP
2020-07-08,2.511,2.5189,2.4875,2.5114,CLP
2020-07-09,2.5141,2.5237,2.4757,2.5142,CLP
2020-07-10,2.5173,2.5524,2.5066,2.5327,CLP
2020-07-13,2.5353,2.5539,2.5143,2.5147,CLP
2020-07-14,2.5196,2.5373,2.5117,2.52,CLP
2020-07-15,2.5236,2.5526,2.5205,2.5186,CLP
2020-07-16,2.5238,2.5563,2.5114,2.5381,CLP
2020-07-17,2.5403,2.557,2.522,2.5451,CLP
2020-07-20,2.5485,2.5677,2.5394,2.5458,CLP
2020-07-21,2.5517,2.5676,2.5352,2.5384,CLP
2020-07-22,2.5413,2.5717,2.5308,2.5491,CLP
2020-07-23,2.5516,2.58,2.5429,2.5744,CLP
2020-07-24,2.578,2.6116,2.5522,2.6057,CLP
2020-07-27,2.6078,2.6301,2.6028,2.6036,CLP
2020-07-28,2.6079,2.617,2.5797,2.5787,CLP
2020-07-29,2.5819,2.5944,2.5557,2.5848,CLP
2020-07-30,2.5879,2.6193,2.5608,2.6117,CLP
2020-07-31,2.6159,2.6339,2.5824,2.5873,CLP
2020-08-03,2.5907,2.6138,2.5563,2.5814,CLP
2020-08-04,2.586,2.6381,2.5798,2.6279,CLP
2020-08-05,2.6312,2.6853,2.6242,2.6729,CLP
2020-08-06,2.6762,2.689,2.6418,2.6485,CLP
2020-08-07,2.6548,2.6917,2.6365,2.6796,CLP
2020-08-10,2.6848,2.7508,2.6714,2.7408,CLP
2020-08-11,2.7446,2.7589,2.6906,2.7005,CLP
2020-08-12,2.7046,2.7215,2.6897,2.7002,CLP
2020-08-13,2.7037,2.7343,2.7009,2.711,CLP
2020-08-14,2.7146,2.739,2.6986,2.7199,CLP
2020-08-17,2.7253,2.7531,2.7043,2.7424,CLP
2020-08-18,2.7462,2.754,2.706,2.7152,CLP
2020-08-19,2.7187,2.725,2.6565,2.657,CLP
2020-08-20,2.6612,2.6842,2.6419,2.6745,CLP
2020-08-21,2.6802,2.6841,2.6356,2.6619,CLP
2020-08-24,2.6641,2.6789,2.6223,2.6298,CLP
2020-08-25,2.6329,2.6416,2.6132,2.6369,CLP
2020-08-26,2.64,2.6425,2.603,2.6075,CLP
2020-08-27,2.6093,2.613,2.5903,2.6015,CLP
2020-08-28,2.6035,2.634,2.6001,2.6181,CLP
2020-08-31,2.6209,2.6307,2.5948,2.605,CLP
2020-09-01,2.6071,2.6304,2.5745,2.578,CLP
2020-09-02,2.5801,2.5867,2.5347,2.5501,CLP
2020-09-03,2.5524,2.5642,2.5343,2.558,CLP
2020-09-04,2.5607,2.564,2.5203,2.5338,CLP
2020-09-07,2.5361,2.5546,2.5224,2.5416,CLP
2020-09-08,2.545,2.561,2.5289,2.5423,CLP
2020-09-09,2.5456,2.5501,2.5224,2.5305,CLP
2020-09-10,2.5356,2.5696,2.5249,2.5514,CLP
2020-09-11,2.5545,2.5698,2.5366,2.5495,CLP
2020-09-14,2.5519,2.5646,2.5352,2.5374,CLP
2020-09-15,2.5397,2.5512,2.5093,2.5249,CLP
2020-09-16,2.527,2.5322,2.4935,2.4959,CLP
2020-09-17,2.5017,2.5104,2.4808,2.5001,CLP
2020-09-18,2.5029,2.5161,2.4938,2.5065,CLP
2020-09-21,2.5083,2.5196,2.475,2.5159,CLP
2020-09-22,2.5179,2.5243,2.4899,2.5031,CLP
2020-09-23,2.5052,2.5109,2.4899,2.4948,CLP
2020-09-24,2.4993,2.531,2.4897,2.5155,CLP
2020-09-25,2.5171,2.5278,2.506,2.5207,CLP
2020-09-28,2.52,2.528,2.496,2.497,CLP
2020-09-29,2.4989,2.5315,2.4975,2.5193,CLP
2020-09-30,2.5223,2.5473,2.5106,2.5287,CLP
2020-10-01,2.5312,2.5809,2.5296,2.5735,CLP
2020-10-02,2.5777,2.5893,2.5624,2.5775,CLP
2020-10-05,2.5797,2.6165,2.5764,2.6072,CLP
2020-10-06,2.6098,2.6296,2.5974,2.5963,CLP
2020-10-07,2.5983,2.6163,2.5946,2.6022,CLP
2020-10-08,2.604,2.6294,2.6019,2.6249,CLP
2020-10-09,2.627,2.6481,2.6247,2.6354,CLP
2020-10-12,2.6394,2.6414,2.6253,2.6303,CLP
2020-10-13,2.6323,2.6347,2.5846,2.5917,CLP
2020-10-14,2.5933,2.5958,2.5721,2.5791,CLP
2020-10-15,2.5812,2.5875,2.5569,2.5792,CLP
2020-10-16,2.5813,2.5886,2.5484,2.5492,CLP
2020-10-19,2.5512,2.568,2.5326,2.5397,CLP
2020-10-20,2.5417,2.5627,2.5296,2.5577,CLP
2020-10-21,2.5596,2.5754,2.5477,2.5494,CLP
2020-10-22,2.5514,2.5559,2.5212,2.522,CLP
2020-10-23,2.5242,2.5389,2.5102,2.5171,CLP
2020-10-26,2.5224,2.5378,2.5066,2.5063,CLP
2020-10-27,2.5078,2.5203,2.4872,2.4961,CLP
2020-10-28,2.498,2.5036,2.462,2.4623,CLP
2020-10-29,2.4646,2.4692,2.4392,2.4463,CLP
2020-10-30,2.4485,2.4629,2.441,2.4557,CLP
2020-11-02,2.4578,2.4613,2.4311,2.4356,CLP
2020-11-03,2.4379,2.4773,2.4264,2.4467,CLP
2020-11-04,2.4502,2.4674,2.4079,2.4347,CLP
2020-11-05,2.4374,2.4955,2.4343,2.4906,CLP
2020-11-06,2.4938,2.5289,2.4831,2.4845,CLP
2020-11-09,2.4874,2.5187,2.4752,2.4902,CLP
2020-11-10,2.4929,2.5337,2.4864,2.5029,CLP
2020-11-11,2.507,2.514,2.4829,2.4986,CLP
2020-11-12,2.5024,2.5366,2.4948,2.5283,CLP
2020-11-13,2.5308,2.5589,2.5275,2.5363,CLP
2020-11-16,2.5387,2.5508,2.5216,2.5283,CLP
2020-11-17,2.5308,2.5345,2.5031,2.5017,CLP
2020-11-18,2.5043,2.5145,2.4861,2.4907,CLP
2020-11-19,2.4932,2.5182,2.4774,2.504,CLP
2020-11-20,2.5064,2.5308,2.4852,2.5126,CLP
2020-11-23,2.515,2.5424,2.5066,2.5389,CLP
2020-11-24,2.5412,2.5537,2.5235,2.5495,CLP
2020-11-25,2.5517,2.5604,2.5213,2.5219,CLP
2020-11-26,2.524,2.5364,2.5133,2.5242,CLP
2020-11-27,2.5297,2.5446,2.5064,2.5393,CLP
2020-11-30,2.5426,2.5691,2.5279,2.5286,CLP
2020-12-01,2.534,2.5758,2.5296,2.57,CLP
2020-12-02,2.5736,2.5821,2.5323,2.5461,CLP
2020-12-03,2.5485,2.5711,2.5422,2.5498,CLP
2020-12-04,2.5531,2.5556,2.5096,2.5095,CLP
2020-12-07,2.5123,2.5238,2.4931,2.5013,CLP
2020-12-08,2.5057,2.5145,2.4918,2.5074,CLP
2020-12-09,2.512,2.5424,2.4948,2.5136,CLP
2020-12-10,2.5161,2.5341,2.507,2.5179,CLP
2020-12-11,2.5214,2.5264,2.4981,2.508,CLP
2020-12-14,2.511,2.5296,2.5073,2.5191,CLP
2020-12-15,2.5222,2.5278,2.4943,2.5091,CLP
2020-12-16,2.5129,2.5345,2.5025,2.5163,CLP
2020-12-17,2.5209,2.5381,2.4819,2.4888,CLP
2020-12-18,2.4922,2.4939,2.4672,2.4837,CLP
2020-12-21,2.4857,2.4897,2.433,2.4605,CLP
2020-12-22,2.4639,2.4771,2.4244,2.4239,CLP
2020-12-23,2.4264,2.4366,2.393,2.4,CLP
2020-12-24,2.4028,2.4123,2.3774,2.4081,CLP
2020-12-25,2.4111,2.4119,2.3989,2.4044,CLP
2020-12-28,2.4073,2.4141,2.369,2.3869,CLP
2020-12-29,2.3903,2.405,2.3804,2.399,CLP
2020-12-30,2.4022,2.4154,2.3825,2.3907,CLP
2020-12-31,2.3942,2.4029,2.3879,2.3876,CLP
2021-01-01,2.3926,2.3942,2.3918,2.3888,CLP
2021-01-04,2.3929,2.4239,2.3796,2.3856,CLP
2021-01-05,2.3888,2.4074,2.3791,2.3779,CLP
2021-01-06,2.3807,2.4058,2.3775,2.3892,CLP
2021-01-07,2.3918,2.4429,2.3825,2.4284,CLP
2021-01-08,2.432,2.4442,2.4056,2.4178,CLP
2021-01-11,2.421,2.4302,2.3987,2.4168,CLP
2021-01-12,2.4196,2.4671,2.4138,2.4631,CLP
2021-01-13,2.4648,2.5215,2.4511,2.4845,CLP
2021-01-14,2.4878,2.508,2.4521,2.4547,CLP
2021-01-15,2.4573,2.482,2.4455,2.4612,CLP
2021-01-18,2.4628,2.4766,2.4548,2.4612,CLP
2021-01-19,2.4645,2.5031,2.4615,2.4949,CLP
2021-01-20,2.498,2.5123,2.4404,2.4441,CLP
2021-01-21,2.4471,2.4562,2.4183,2.4433,CLP
2021-01-22,2.4462,2.4842,2.4379,2.4732,CLP
2021-01-25,2.476,2.5025,2.4632,2.4858,CLP
2021-01-26,2.4884,2.4899,2.4634,2.4775,CLP
2021-01-27,2.4808,2.4897,2.453,2.4775,CLP
2021-01-28,2.4808,2.5076,2.4708,2.4826,CLP
2021-01-29,2.4858,2.5024,2.4778,2.4923,CLP
2021-02-01,2.4952,2.5042,2.4578,2.4836,CLP
2021-02-02,2.4859,2.5016,2.4696,2.48,CLP
2021-02-03,2.482,2.4906,2.4622,2.4785,CLP
2021-02-04,2.4818,2.4894,2.4663,2.4705,CLP
2021-02-05,2.4734,2.4978,2.458,2.4934,CLP
2021-02-08,2.4962,2.4983,2.4613,2.4681,CLP
2021-02-09,2.4715,2.4879,2.4611,2.4833,CLP
2021-02-10,2.4865,2.4978,2.457,2.4586,CLP
2021-02-11,2.4611,2.4674,2.4453,2.456,CLP
2021-02-12,2.4604,2.4629,2.433,2.4363,CLP
2021-02-15,2.4392,2.4469,2.4211,2.4359,CLP
2021-02-16,2.44,2.4499,2.4136,2.4212,CLP
2021-02-17,2.4245,2.4291,2.3923,2.394,CLP
2021-02-18,2.3956,2.405,2.3807,2.3946,CLP
2021-02-19,2.397,2.4108,2.3779,2.3937,CLP
2021-02-22,2.3954,2.4102,2.3816,2.3904,CLP
2021-02-23,2.3939,2.4012,2.3816,2.3842,CLP
2021-02-24,2.3875,2.3917,2.3591,2.3689,CLP
2021-02-25,2.3716,2.4313,2.3681,2.4066,CLP
2021-02-26,2.4096,2.4304,2.3956,2.4087,CLP
2021-03-01,2.4115,2.4212,2.3788,2.3903,CLP
2021-03-02,2.3932,2.4314,2.3785,2.4165,CLP
2021-03-03,2.4193,2.4333,2.4067,2.4048,CLP
2021-03-04,2.4081,2.4209,2.3861,2.399,CLP
2021-03-05,2.4021,2.4044,2.3696,2.3766,CLP
2021-03-08,2.3786,2.4027,2.3637,2.3702,CLP
2021-03-09,2.3735,2.3949,2.3639,2.3828,CLP
2021-03-10,2.3865,2.3891,2.3465,2.3516,CLP
2021-03-11,2.3544,2.3718,2.337,2.3385,CLP
2021-03-12,2.3419,2.3616,2.3177,2.3551,CLP
2021-03-15,2.3579,2.3616,2.3301,2.3455,CLP
2021-03-16,2.349,2.3661,2.3338,2.3551,CLP
2021-03-17,2.357,2.376,2.3505,2.3595,CLP
2021-03-18,2.3607,2.3697,2.3223,2.3257,CLP
2021-03-19,2.3284,2.3403,2.3082,2.3075,CLP
2021-03-22,2.3096,2.3491,2.3002,2.3321,CLP
2021-03-23,2.3356,2.3496,2.3207,2.3379,CLP
2021-03-24,2.3405,2.3631,2.3291,2.3532,CLP
2021-03-25,2.3563,2.3809,2.3407,2.3403,CLP
2021-03-26,2.3426,2.3867,2.3398,2.3817,CLP
2021-03-29,2.3839,2.4065,2.3678,2.3767,CLP
2021-03-30,2.3801,2.384,2.3477,2.3483,CLP
2021-03-31,2.3516,2.357,2.3241,2.3313,CLP
2021-04-01,2.334,2.3453,2.321,2.3343,CLP
2021-04-02,2.3382,2.3431,2.3265,2.3329,CLP
2021-04-05,2.3361,2.3745,2.3166,2.3642,CLP
2021-04-06,2.3665,2.3719,2.3475,2.3598,CLP
2021-04-07,2.3619,2.3758,2.3553,2.3573,CLP
2021-04-08,2.3603,2.3684,2.3414,2.352,CLP
2021-04-09,2.3549,2.3757,2.3414,2.3622,CLP
2021-04-12,2.366,2.386,2.3569,2.3768,CLP
2021-04-13,2.3795,2.3806,2.3439,2.3531,CLP
2021-04-14,2.3551,2.3749,2.3476,2.3671,CLP
2021-04-15,2.3717,2.3748,2.3245,2.3245,CLP
2021-04-16,2.3265,2.3407,2.3147,2.3276,CLP
2021-04-19,2.3314,2.3506,2.3215,2.3325,CLP
2021-04-20,2.3362,2.3482,2.3128,2.3172,CLP
2021-04-21,2.3214,2.3256,2.2966,2.3156,CLP
2021-04-22,2.3189,2.3421,2.3095,2.331,CLP
2021-04-23,2.3335,2.3778,2.3319,2.3721,CLP
2021-04-26,2.3753,2.3798,2.337,2.3413,CLP
2021-04-27,2.3438,2.3524,2.3277,2.3373,CLP
2021-04-28,2.3407,2.3528,2.3202,2.3295,CLP
2021-04-29,2.3326,2.3944,2.3292,2.3827,CLP
2021-04-30,2.386,2.3959,2.3644,2.3685,CLP
2021-05-03,2.3724,2.3852,2.3556,2.3595,CLP
2021-05-04,2.3631,2.3648,2.3347,2.3432,CLP
2021-05-05,2.3463,2.36,2.3314,2.3552,CLP
2021-05-06,2.3582,2.3728,2.3487,2.3534,CLP
2021-05-07,2.3571,2.3662,2.3379,2.3561,CLP
2021-05-10,2.3607,2.3695,2.3491,2.359,CLP
2021-05-11,2.3624,2.3856,2.3541,2.3767,CLP
2021-05-12,2.3798,2.3995,2.3725,2.3878,CLP
2021-05-13,2.3905,2.4086,2.3815,2.3922,CLP
2021-05-14,2.3954,2.4151,2.3865,2.3906,CLP
2021-05-17,2.3943,2.5008,2.3879,2.4683,CLP
2021-05-18,2.4732,2.4969,2.4706,2.4852,CLP
2021-05-19,2.4876,2.5103,2.4707,2.4776,CLP
2021-05-20,2.4811,2.5262,2.4743,2.5204,CLP
2021-05-21,2.5238,2.5312,2.4999,2.516,CLP
2021-05-24,2.5189,2.5751,2.5149,2.5647,CLP
2021-05-25,2.5684,2.5963,2.5635,2.573,CLP
2021-05-26,2.5758,2.5817,2.5371,2.5422,CLP
2021-05-27,2.5455,2.571,2.5373,2.5361,CLP
2021-05-28,2.5395,2.5469,2.529,2.5335,CLP
2021-05-31,2.5375,2.5486,2.5271,2.5394,CLP
2021-06-01,2.5436,2.5739,2.5338,2.567,CLP
2021-06-02,2.5705,2.5742,2.5261,2.5325,CLP
2021-06-03,2.5352,2.5433,2.4979,2.5057,CLP
2021-06-04,2.5097,2.5321,2.5043,2.5228,CLP
2021-06-07,2.5263,2.5324,2.5108,2.5151,CLP
2021-06-08,2.5196,2.5212,2.4954,2.504,CLP
2021-06-09,2.509,2.5398,2.5031,2.5257,CLP
2021-06-10,2.5303,2.5504,2.5255,2.5319,CLP
2021-06-11,2.5355,2.5426,2.4982,2.5067,CLP
2021-06-14,2.5099,2.5143,2.4776,2.4863,CLP
2021-06-15,2.4898,2.5091,2.469,2.5039,CLP
2021-06-16,2.5075,2.5172,2.4786,2.4827,CLP
2021-06-17,2.4869,2.4924,2.4546,2.4682,CLP
2021-06-18,2.4723,2.5029,2.4625,2.4913,CLP
2021-06-21,2.4948,2.5245,2.492,2.5194,CLP
2021-06-22,2.5231,2.5696,2.495,2.5238,CLP
2021-06-23,2.528,2.5469,2.4924,2.5013,CLP
2021-06-24,2.5061,2.5168,2.4708,2.4881,CLP
2021-06-25,2.4922,2.5022,2.4808,2.4878,CLP
2021-06-28,2.4918,2.5022,2.4781,2.4967,CLP
2021-06-29,2.5004,2.5076,2.4539,2.4521,CLP
2021-06-30,2.4553,2.4818,2.4376,2.4666,CLP
2021-07-01,2.4711,2.5079,2.4539,2.4956,CLP
2021-07-02,2.4993,2.5047,2.4595,2.4736,CLP
2021-07-05,2.4774,2.4921,2.4629,2.4791,CLP
2021-07-06,2.4826,2.5055,2.4548,2.4908,CLP
2021-07-07,2.4973,2.5011,2.4657,2.4708,CLP
2021-07-08,2.4746,2.5176,2.4646,2.4892,CLP
2021-07-09,2.4948,2.5187,2.4878,2.4983,CLP
2021-07-12,2.5017,2.5174,2.4711,2.4787,CLP
2021-07-13,2.4825,2.4871,2.4567,2.4677,CLP
2021-07-14,2.4708,2.4795,2.4499,2.4572,CLP
2021-07-15,2.4613,2.498,2.4455,2.49,CLP
2021-07-16,2.4931,2.4971,2.4766,2.4852,CLP
2021-07-19,2.4895,2.5103,2.4645,2.4881,CLP
2021-07-20,2.4922,2.5017,2.466,2.4838,CLP
2021-07-21,2.4869,2.4901,2.4521,2.4627,CLP
2021-07-22,2.4673,2.4863,2.4617,2.4766,CLP
2021-07-23,2.4804,2.4932,2.4631,2.4879,CLP
2021-07-26,2.4907,2.5103,2.4746,2.479,CLP
2021-07-27,2.4821,2.5273,2.4697,2.5214,CLP
2021-07-28,2.5252,2.5312,2.4973,2.4996,CLP
2021-07-29,2.5034,2.5309,2.5021,2.5249,CLP
2021-07-30,2.5277,2.5397,2.5025,2.5024,CLP
2021-08-02,2.5055,2.5682,2.4994,2.5555,CLP
2021-08-03,2.5593,2.6114,2.5545,2.5843,CLP
2021-08-04,2.5878,2.6064,2.581,2.5813,CLP
2021-08-05,2.5852,2.6139,2.579,2.5989,CLP
2021-08-06,2.603,2.6304,2.592,2.616,CLP
2021-08-09,2.6196,2.6549,2.5961,2.6079,CLP
2021-08-10,2.6129,2.6175,2.5653,2.5781,CLP
2021-08-11,2.5821,2.5842,2.5508,2.5556,CLP
2021-08-12,2.5598,2.5838,2.5507,2.571,CLP
2021-08-13,2.5753,2.6026,2.5672,2.5938,CLP
2021-08-16,2.5972,2.6477,2.5923,2.6314,CLP
2021-08-17,2.6354,2.6597,2.6209,2.6264,CLP
2021-08-18,2.6288,2.6465,2.6167,2.6262,CLP
2021-08-19,2.6313,2.6528,2.6139,2.6121,CLP
2021-08-20,2.6172,2.6391,2.6107,2.622,CLP
2021-08-23,2.6275,2.6398,2.6114,2.6293,CLP
2021-08-24,2.6337,2.646,2.6195,2.6371,CLP
2021-08-25,2.6421,2.6523,2.63,2.6447,CLP
2021-08-26,2.6493,2.6546,2.6369,2.6457,CLP
2021-08-27,2.6504,2.6574,2.6242,2.6409,CLP
2021-08-30,2.6439,2.657,2.6351,2.646,CLP
2021-08-31,2.6498,2.6627,2.6062,2.6114,CLP
2021-09-01,2.616,2.6327,2.5875,2.6207,CLP
2021-09-02,2.6251,2.6368,2.5999,2.613,CLP
2021-09-03,2.6174,2.6326,2.6075,2.6165,CLP
2021-09-06,2.6201,2.6452,2.6122,2.6349,CLP
2021-09-07,2.6391,2.661,2.6318,2.6498,CLP
2021-09-08,2.6535,2.6745,2.636,2.6534,CLP
2021-09-09,2.6584,2.6813,2.6453,2.6699,CLP
2021-09-10,2.6744,2.685,2.6567,2.6585,CLP
2021-09-13,2.6623,2.669,2.633,2.6475,CLP
2021-09-14,2.6505,2.6617,2.6351,2.6407,CLP
2021-09-15,2.6437,2.6635,2.6269,2.6306,CLP
2021-09-16,2.6342,2.6379,2.6087,2.6239,CLP
2021-09-17,2.6274,2.6332,2.6024,2.6031,CLP
2021-09-20,2.6063,2.6225,2.5948,2.6094,CLP
2021-09-21,2.613,2.6252,2.591,2.6096,CLP
2021-09-22,2.6128,2.6161,2.5771,2.5874,CLP
2021-09-23,2.5911,2.612,2.582,2.5854,CLP
2021-09-24,2.5894,2.6103,2.5791,2.6007,CLP
2021-09-27,2.604,2.6091,2.5866,2.59,CLP
2021-09-28,2.5926,2.6109,2.5756,2.6046,CLP
2021-09-29,2.6072,2.6187,2.5828,2.6041,CLP
2021-09-30,2.6074,2.6347,2.5951,2.6091,CLP
2021-10-01,2.6117,2.6259,2.5947,2.6014,CLP
2021-10-04,2.6038,2.6374,2.6034,2.6251,CLP
2021-10-05,2.6279,2.6435,2.6135,2.6255,CLP
2021-10-06,2.6306,2.6391,2.5961,2.615,CLP
2021-10-07,2.6182,2.6344,2.6117,2.6114,CLP
2021-10-08,2.6156,2.6525,2.5993,2.642,CLP
2021-10-11,2.6477,2.6621,2.6321,2.6451,CLP
2021-10-12,2.6481,2.6672,2.6182,2.6294,CLP
2021-10-13,2.6337,2.6479,2.6158,2.6225,CLP
2021-10-14,2.6254,2.6724,2.6079,2.6658,CLP
2021-10-15,2.6693,2.6855,2.6516,2.6514,CLP
2021-10-18,2.6541,2.6583,2.6168,2.6193,CLP
2021-10-19,2.6222,2.6516,2.5986,2.6004,CLP
2021-10-20,2.6021,2.6237,2.5912,2.6157,CLP
2021-10-21,2.6196,2.6316,2.597,2.6073,CLP
2021-10-22,2.611,2.6244,2.5877,2.5996,CLP
2021-10-25,2.6056,2.6156,2.5535,2.5623,CLP
2021-10-26,2.5656,2.5698,2.5502,2.5497,CLP
2021-10-27,2.5536,2.5799,2.5464,2.5693,CLP
2021-10-28,2.5727,2.6133,2.5626,2.6019,CLP
2021-10-29,2.6052,2.6245,2.5937,2.6104,CLP
2021-11-01,2.6128,2.6174,2.6049,2.6079,CLP
2021-11-02,2.6107,2.6374,2.6058,2.6159,CLP
2021-11-03,2.6184,2.6388,2.6126,2.6292,CLP
2021-11-04,2.6316,2.6344,2.6018,2.6091,CLP
2021-11-05,2.6112,2.6203,2.6019,2.6107,CLP
2021-11-08,2.6137,2.6176,2.567,2.5728,CLP
2021-11-09,2.5763,2.584,2.5373,2.5422,CLP
2021-11-10,2.548,2.5488,2.5038,2.5047,CLP
2021-11-11,2.5099,2.5139,2.475,2.4847,CLP
2021-11-12,2.4899,2.5066,2.4752,2.4928,CLP
2021-11-15,2.4969,2.5216,2.4718,2.4718,CLP
2021-11-16,2.4755,2.5324,2.4715,2.5145,CLP
2021-11-17,2.5188,2.5819,2.5049,2.571,CLP
2021-11-18,2.5772,2.6252,2.574,2.5977,CLP
2021-11-19,2.6037,2.6051,2.5373,2.5392,CLP
2021-11-22,2.5463,2.5489,2.4416,2.4604,CLP
2021-11-23,2.4644,2.4775,2.4375,2.4694,CLP
2021-11-24,2.4736,2.4911,2.452,2.4696,CLP
2021-11-25,2.4732,2.5261,2.4718,2.5134,CLP
2021-11-26,2.517,2.564,2.5001,2.5465,CLP
2021-11-29,2.5501,2.5964,2.5378,2.5897,CLP
2021-11-30,2.5949,2.6294,2.5536,2.5671,CLP
2021-12-01,2.5714,2.6232,2.5473,2.6138,CLP
2021-12-02,2.6176,2.6364,2.5926,2.5904,CLP
2021-12-03,2.597,2.6124,2.5786,2.6077,CLP
2021-12-06,2.6113,2.6198,2.5954,2.6045,CLP
2021-12-07,2.6089,2.6228,2.5606,2.572,CLP
2021-12-08,2.5756,2.6133,2.5652,2.6025,CLP
2021-12-09,2.6068,2.6274,2.5754,2.6195,CLP
2021-12-10,2.6252,2.6359,2.6014,2.6069,CLP
2021-12-13,2.6109,2.6124,2.5749,2.5789,CLP
2021-12-14,2.5824,2.6229,2.5766,2.5779,CLP
2021-12-15,2.5813,2.6084,2.5714,2.6023,CLP
2021-12-16,2.606,2.6174,2.5887,2.599,CLP
2021-12-17,2.6038,2.6208,2.571,2.5762,CLP
2021-12-20,2.58,2.6927,2.5773,2.666,CLP
2021-12-21,2.6702,2.6812,2.6486,2.6728,CLP
2021-12-22,2.6781,2.6816,2.6445,2.6423,CLP
2021-12-23,2.6474,2.6551,2.6087,2.6234,CLP
2021-12-24,2.6297,2.6606,2.6126,2.6471,CLP
2021-12-27,2.6517,2.6576,2.5494,2.6176,CLP
2021-12-28,2.6234,2.6365,2.6079,2.6094,CLP
2021-12-29,2.6153,2.6207,2.5829,2.5981,CLP
2021-12-30,2.6051,2.6226,2.5689,2.6114,CLP
2021-12-31,2.6172,2.6305,2.6046,2.6197,CLP
2022-01-03,2.6241,2.6339,2.6109,2.6196,CLP
2022-01-04,2.6235,2.6503,2.6171,2.6318,CLP
2022-01-05,2.6371,2.6543,2.6105,2.6136,CLP
2022-01-06,2.6172,2.6509,2.6043,2.6234,CLP
2022-01-07,2.6274,2.6431,2.6077,2.6194,CLP
2022-01-10,2.624,2.6502,2.5979,2.6364,CLP
2022-01-11,2.64,2.6579,2.6258,2.6346,CLP
2022-01-12,2.6386,2.6722,2.63,2.6631,CLP
2022-01-13,2.6662,2.6726,2.6337,2.6322,CLP
2022-01-14,2.6366,2.6456,2.6005,2.6192,CLP
2022-01-17,2.6232,2.6453,2.6187,2.6328,CLP
2022-01-18,2.6369,2.6436,2.5817,2.5843,CLP
2022-01-19,2.5891,2.608,2.5773,2.5737,CLP
2022-01-20,2.5784,2.5865,2.5419,2.5419,CLP
2022-01-21,2.5461,2.5524,2.5114,2.5237,CLP
2022-01-24,2.5272,2.5361,2.5001,2.5282,CLP
2022-01-25,2.5327,2.5427,2.5064,2.5139,CLP
2022-01-26,2.5196,2.5225,2.4924,2.5027,CLP
2022-01-27,2.5059,2.5222,2.4738,2.5104,CLP
2022-01-28,2.5145,2.5405,2.5006,2.5242,CLP
2022-01-31,2.5289,2.5443,2.5045,2.5275,CLP
2022-02-01,2.532,2.5668,2.5196,2.5421,CLP
2022-02-02,2.547,2.5931,2.5412,2.5841,CLP
2022-02-03,2.5891,2.6498,2.577,2.6374,CLP
2022-02-04,2.6425,2.6909,2.638,2.6685,CLP
2022-02-07,2.6717,2.6932,2.6594,2.6636,CLP
2022-02-08,2.668,2.6767,2.6507,2.6663,CLP
2022-02-09,2.6711,2.6851,2.629,2.6244,CLP
2022-02-10,2.6318,2.6387,2.5722,2.5913,CLP
2022-02-11,2.5985,2.6142,2.5697,2.5733,CLP
2022-02-14,2.5803,2.5904,2.5531,2.5707,CLP
2022-02-15,2.5738,2.6064,2.5607,2.5656,CLP
2022-02-16,2.5712,2.5812,2.538,2.5524,CLP
2022-02-17,2.5564,2.5622,2.5282,2.5302,CLP
2022-02-18,2.5347,2.5483,2.5099,2.5376,CLP
2022-02-21,2.5415,2.5644,2.526,2.5272,CLP
2022-02-22,2.5312,2.554,2.5147,2.5219,CLP
2022-02-23,2.5255,2.5348,2.4714,2.4698,CLP
2022-02-24,2.4744,2.4989,2.4074,2.4897,CLP
2022-02-25,2.496,2.4999,2.4566,2.4687,CLP
2022-02-28,2.4764,2.4764,2.3904,2.4091,CLP
2022-03-01,2.4141,2.4272,2.3561,2.3782,CLP
2022-03-02,2.3832,2.389,2.3323,2.3639,CLP
2022-03-03,2.3685,2.3747,2.3001,2.3086,CLP
2022-03-04,2.3128,2.3177,2.2741,2.273,CLP
2022-03-07,2.2794,2.2798,2.1929,2.2321,CLP
2022-03-08,2.2376,2.3019,2.2332,2.2703,CLP
2022-03-09,2.2747,2.3712,2.2664,2.354,CLP
2022-03-10,2.3591,2.3631,2.3089,2.3104,CLP
2022-03-11,2.3135,2.3275,2.2936,2.2972,CLP
2022-03-14,2.3005,2.3916,2.2989,2.3762,CLP
2022-03-15,2.3792,2.4257,2.3759,2.3882,CLP
2022-03-16,2.3925,2.4031,2.3638,2.3752,CLP
2022-03-17,2.3795,2.3991,2.3602,2.3857,CLP
2022-03-18,2.3909,2.3925,2.3424,2.3613,CLP
2022-03-21,2.3661,2.3876,2.3377,2.338,CLP
2022-03-22,2.3422,2.3723,2.3286,2.3568,CLP
2022-03-23,2.3624,2.3642,2.3238,2.326,CLP
2022-03-24,2.3317,2.3377,2.3087,2.3058,CLP
2022-03-25,2.3114,2.3312,2.2809,2.287,CLP
2022-03-28,2.2926,2.294,2.2682,2.2792,CLP
2022-03-29,2.2817,2.3677,2.2774,2.3494,CLP
2022-03-30,2.3544,2.403,2.351,2.3909,CLP
2022-03-31,2.3964,2.4046,2.3584,2.3633,CLP
2022-04-01,2.37,2.3727,2.3423,2.3505,CLP
2022-04-04,2.3533,2.3587,2.3085,2.3127,CLP
2022-04-05,2.3156,2.3238,2.2678,2.2774,CLP
2022-04-06,2.2802,2.3056,2.2615,2.2923,CLP
2022-04-07,2.2961,2.3484,2.2771,2.3128,CLP
2022-04-08,2.3176,2.3612,2.3063,2.3414,CLP
2022-04-11,2.3456,2.3705,2.3359,2.344,CLP
2022-04-12,2.3496,2.3554,2.2991,2.3082,CLP
2022-04-13,2.3112,2.3384,2.2919,2.3251,CLP
2022-04-14,2.3286,2.3565,2.3237,2.3403,CLP
2022-04-15,2.3461,2.3489,2.3365,2.3396,CLP
2022-04-18,2.3441,2.3699,2.3359,2.3555,CLP
2022-04-19,2.3614,2.3877,2.3385,2.3758,CLP
2022-04-20,2.3786,2.4007,2.3722,2.3809,CLP
2022-04-21,2.3845,2.4207,2.3762,2.4083,CLP
2022-04-22,2.413,2.4409,2.398,2.4262,CLP
2022-04-25,2.4306,2.4578,2.3939,2.4288,CLP
2022-04-26,2.4306,2.4409,2.3737,2.3837,CLP
2022-04-27,2.3902,2.3927,2.351,2.3633,CLP
2022-04-28,2.3663,2.3961,2.3464,2.3757,CLP
2022-04-29,2.3805,2.4146,2.3542,2.3704,CLP
2022-05-02,2.3779,2.3886,2.3593,2.3637,CLP
2022-05-03,2.3681,2.3792,2.3567,2.3593,CLP
2022-05-04,2.3623,2.4188,2.3555,2.4099,CLP
2022-05-05,2.4144,2.4167,2.3712,2.3827,CLP
2022-05-06,2.3856,2.4031,2.3578,2.3694,CLP
2022-05-09,2.3722,2.4194,2.3451,2.4059,CLP
2022-05-10,2.41,2.4286,2.3965,2.4005,CLP
2022-05-11,2.4044,2.4179,2.3829,2.3824,CLP
2022-05-12,2.3864,2.3937,2.3372,2.3429,CLP
2022-05-13,2.3459,2.3541,2.3114,2.3183,CLP
2022-05-16,2.3233,2.3347,2.2819,2.2917,CLP
2022-05-17,2.2947,2.347,2.2889,2.3222,CLP
2022-05-18,2.3259,2.3489,2.318,2.3263,CLP
2022-05-19,2.3301,2.3435,2.3009,2.301,CLP
2022-05-20,2.3038,2.3124,2.2792,2.2958,CLP
2022-05-23,2.2984,2.3386,2.2973,2.3216,CLP
2022-05-24,2.3245,2.3544,2.3068,2.3254,CLP
2022-05-25,2.328,2.3301,2.2566,2.2587,CLP
2022-05-26,2.2626,2.2919,2.241,2.2475,CLP
2022-05-27,2.2496,2.2694,2.2254,2.2482,CLP
2022-05-30,2.2509,2.2742,2.2476,2.2689,CLP
2022-05-31,2.2713,2.2747,2.2173,2.2238,CLP
2022-06-01,2.2273,2.2427,2.2102,2.2078,CLP
2022-06-02,2.2111,2.2339,2.2089,2.213,CLP
2022-06-03,2.2171,2.2366,2.1948,2.2165,CLP
2022-06-06,2.2202,2.274,2.2176,2.2675,CLP
2022-06-07,2.2717,2.2953,2.2454,2.2659,CLP
2022-06-08,2.2699,2.2745,2.2237,2.2234,CLP
2022-06-09,2.2283,2.2441,2.2137,2.2147,CLP
2022-06-10,2.2201,2.2434,2.1823,2.2294,CLP
2022-06-13,2.2328,2.2636,2.2108,2.2383,CLP
2022-06-14,2.2423,2.2803,2.2401,2.2503,CLP
2022-06-15,2.2548,2.3042,2.2302,2.2477,CLP
2022-06-16,2.2539,2.2997,2.2298,2.2946,CLP
